,Price
0,3897
1,7662
2,13882
3,6218
4,13302
5,3873
6,11087
9,8625
10,8907
11,4174
12,4667
13,9663
14,4804
16,5830
17,10262
18,13381
19,12898
21,6955
22,3943
23,4823
24,7757
25,13292
26,8238
27,7682
28,4668
29,3687
30,3687
31,13227
32,4423
33,10919
34,12373
35,5894
36,4649
37,6245
39,14924
40,9646
41,8714
42,12373
43,3383
44,13062
45,3527
46,3943
47,4667
48,6117
49,11150
50,7202
52,4377
53,3943
54,4483
55,14231
57,7414
58,8073
60,8366
62,12524
63,7191
64,3687
65,5894
66,5403
67,3625
68,10861
69,6297
70,5678
72,10791
73,12819
74,6893
75,7240
76,3898
77,4049
78,10262
79,3332
80,10844
81,7229
82,13941
83,5894
84,10197
85,13712
86,5636
87,13014
88,7064
89,10703
90,9646
92,13817
93,13748
94,4880
95,3540
96,3257
97,6478
98,8040
99,14300
100,14781
101,14939
102,10262
103,6528
104,6121
105,13029
106,11421
107,7574
109,15129
110,13555
111,5780
112,9397
114,5281
115,10348
116,12677
117,15147
118,4668
119,15554
120,3971
121,3100
122,9663
124,3540
125,10676
126,13044
127,14388
128,3943
129,3597
130,5932
131,10262
132,6216
133,4804
134,14067
135,15129
136,13376
137,10441
138,4030
140,13017
141,6686
142,5636
143,6442
144,9486
146,15318
147,5117
148,6147
149,7005
150,3873
151,9270
152,3898
153,14781
154,8586
155,10697
156,14300
157,8855
161,4777
163,6442
164,5264
165,12898
166,6092
167,3311
168,6540
169,3419
170,5177
171,8246
172,14676
173,13587
174,9663
175,13044
176,5073
178,9663
179,14277
180,10262
181,5678
182,13727
183,9663
184,3858
185,4812
186,5775
187,10539
188,4804
189,3383
190,8738
192,6412
193,8016
194,11087
195,3543
196,12471
197,10262
198,4441
199,12537
200,10091
201,6961
202,5013
203,6934
204,10877
205,7229
206,7048
207,4878
208,10844
210,3943
211,5583
212,9646
213,7677
214,6842
215,4995
216,9555
217,4077
218,7229
219,12192
220,5911
221,8372
222,4995
223,14323
224,13014
227,3943
228,1965
229,4995
231,4460
232,10191
233,13843
234,6349
235,4409
237,13727
238,8855
239,12524
240,13555
241,10844
242,13587
243,3543
244,4842
245,3943
246,10577
247,6979
248,11982
249,5264
250,8001
251,10651
253,6601
254,6587
255,3173
256,5228
257,5769
258,14714
259,13014
260,3359
261,6722
262,4462
263,6171
264,12303
265,7695
266,5684
267,8366
269,13502
270,14781
271,6513
272,9929
275,2754
276,2575
277,8224
278,8991
279,5000
280,8529
282,4030
283,10844
284,4804
285,7308
286,4823
288,12898
289,12778
290,14871
292,10844
293,4129
294,4804
295,7229
296,7832
297,3859
298,9001
299,4878
300,2754
301,4668
302,5216
303,10368
304,8146
305,12242
306,9134
307,10939
308,11753
309,4174
310,10844
312,9899
313,14871
314,7295
315,13465
316,3543
317,7198
318,10262
319,4148
320,8016
321,10262
322,3841
323,11507
324,14781
326,12898
327,15353
328,7303
329,6197
330,8996
331,6528
332,4239
333,4148
334,3971
335,5192
336,9483
338,5201
339,16079
340,7229
341,6795
343,15965
345,4804
346,16079
347,11507
349,7229
350,4544
351,6496
352,4804
353,13439
354,6540
355,4591
356,4437
357,6151
358,7754
359,10262
360,8016
361,4781
362,4668
363,14594
364,14231
366,9646
367,7295
368,5162
369,6860
370,6216
371,5192
372,4823
373,3919
374,2754
375,9315
376,11667
377,6224
378,13349
379,11087
380,15603
381,15129
382,4823
383,8452
384,12524
385,3384
386,10262
387,1965
388,4804
389,16079
390,13292
391,6751
392,8669
393,14871
394,12898
395,3919
397,3597
398,10741
399,11432
400,11087
403,7631
404,13381
405,13731
407,4591
408,14848
409,8266
411,13044
412,12898
413,12242
414,3943
416,14388
417,13014
418,15411
419,16289
420,6442
421,10844
422,5678
423,6906
424,3543
425,14714
426,11793
427,14323
428,3971
430,5403
431,13727
432,12639
433,5198
434,4878
435,12373
436,8552
437,6741
438,6481
439,7354
440,5228
441,10844
442,6347
443,5013
444,9663
445,4823
447,3543
448,9663
449,7064
450,10262
451,13013
452,15339
453,4937
454,6818
455,10441
456,5177
457,3858
458,6534
459,6795
460,9736
461,7229
462,4957
463,7648
464,3873
465,14388
466,5618
467,7408
468,13774
469,4668
471,8669
472,6316
473,12583
474,7923
475,7378
476,4878
478,7229
479,6297
480,8529
481,13727
482,6643
483,10197
484,4911
485,6482
487,3717
488,3597
489,10846
490,14069
491,5177
493,6442
494,5704
495,9663
496,14714
497,5406
498,8610
499,14237
500,4823
501,2227
502,12373
503,8372
505,3100
506,14053
507,3540
508,9345
509,10368
511,5755
512,7832
513,14388
514,8839
516,3687
517,9627
518,13542
519,4423
520,8899
521,5583
522,6752
523,3543
524,7832
527,12898
528,3398
529,5201
530,13873
531,7384
532,10262
534,12384
537,7298
538,7229
539,4174
540,5699
541,4880
542,15284
543,13759
544,16092
545,4392
546,10262
547,3841
548,5048
549,11096
550,5073
552,3739
554,7229
556,6216
557,6961
558,10703
559,14151
561,4488
562,7408
563,5443
564,10539
565,7723
566,15411
567,7229
568,4804
569,4050
571,4957
572,7591
573,11134
574,6600
575,4966
576,15481
577,5515
578,14714
579,4959
580,7229
581,6094
582,4409
583,9794
584,5678
585,6442
586,4878
587,12446
589,9134
590,8586
591,7229
592,6144
593,6961
594,10844
595,3597
596,7139
599,5117
600,9211
601,4174
602,10786
603,9134
604,13376
605,6955
606,10844
607,3807
608,9663
610,4991
611,6745
612,10262
613,6540
614,3873
615,15554
616,4804
617,7438
618,6181
619,9424
621,6046
622,3971
623,12692
624,7451
625,13817
626,10703
627,13817
629,13941
630,10246
631,4804
632,6810
633,5198
634,5613
635,4784
636,5406
637,5228
638,12898
639,4667
640,14781
641,5403
642,9899
643,13029
644,9187
645,4823
646,8665
647,14871
648,4049
649,4667
650,4226
651,7591
653,12898
654,2754
655,1965
658,14533
659,4668
660,11822
661,6017
662,14714
663,3597
664,3383
665,11642
666,5403
668,8586
669,4049
670,10262
671,7888
672,8236
674,8586
675,5279
676,3419
677,13292
678,13067
679,3597
680,15554
681,6027
682,14781
683,13376
684,3943
685,5842
686,4326
687,8937
688,3670
689,4823
690,2071
691,6093
693,7774
694,13067
695,7514
696,6838
697,3858
698,6795
699,16263
701,5228
703,8872
704,3898
705,3332
706,5608
707,13941
708,9100
709,4878
710,6416
711,2017
712,10976
713,10031
714,4462
715,5073
716,4326
717,10161
718,3175
719,12312
720,12604
721,10877
722,4226
723,5406
724,8618
725,4174
726,10651
727,5963
729,7681
730,7485
731,4544
732,4649
733,11982
734,4995
735,5069
736,3873
737,3873
738,8907
739,10844
740,10844
741,9663
742,13292
743,14441
744,4050
745,6144
746,14871
747,4483
748,6979
749,8040
750,7048
751,3573
752,5054
753,8582
754,8759
755,6442
756,8879
757,10031
758,10368
759,3943
760,14871
761,4995
762,10791
763,2753
764,4423
765,4409
766,6117
767,15129
769,8085
770,15554
771,3573
773,6795
774,5403
775,3540
776,6216
777,3359
779,6961
780,4107
781,13069
782,13357
783,6938
786,13568
787,15353
788,3597
789,10031
790,14687
791,7229
792,10188
793,7398
795,8153
796,7229
797,6943
798,8937
800,13152
801,3419
802,7927
803,9796
804,8028
805,10759
806,10197
807,5228
808,9275
809,5277
810,13848
811,6412
812,13941
813,4668
814,3419
815,3943
816,6528
817,7229
818,13542
820,8016
821,13029
823,10368
824,8666
825,15554
827,13067
828,4544
830,7268
831,9627
832,9103
833,11142
834,4148
836,9646
837,12475
838,15554
839,10262
840,6961
841,10262
843,3943
844,3625
845,13378
846,13882
847,3943
848,14687
849,6451
850,4878
851,8542
852,4804
853,6711
854,16108
855,3943
856,15422
857,5694
858,12681
859,8586
860,6144
861,6015
862,7155
863,12692
864,8277
866,4939
867,5678
868,10844
869,7280
870,7618
871,15147
872,13941
873,11467
874,6270
876,8016
877,4760
878,3815
879,4174
880,12692
882,4995
883,12898
884,9794
885,5228
886,10262
887,9646
888,15149
889,4205
890,15147
891,13712
892,12415
893,5192
894,5162
895,9027
897,10844
898,12890
899,14571
901,12373
902,10972
903,10262
904,12898
905,6442
906,5403
907,5703
908,9871
909,4174
911,4174
912,4804
913,12681
914,4508
915,10262
916,16775
917,7198
918,13014
920,3687
921,5530
922,3815
923,6535
927,6305
929,3943
930,3175
931,7229
932,8620
933,10657
934,7832
937,16263
938,5797
939,14237
940,10262
942,3943
943,12898
944,3419
945,8033
947,13941
948,14388
949,10844
950,11600
951,5277
952,10262
953,6144
954,12898
955,13941
956,12373
957,3841
958,10697
960,2175
961,9476
962,3100
963,10368
964,2017
965,3841
967,5126
968,3943
970,7934
971,6092
972,10112
973,6627
974,11507
976,13817
977,13364
978,9187
979,5277
980,13492
981,5162
982,5897
983,5510
985,7485
986,4667
987,14151
988,7048
989,12557
990,15965
992,8291
993,4990
995,4409
996,10844
997,10407
998,9315
999,9663
1000,9264
1001,3597
1002,6442
1003,15078
1004,6218
1005,10262
1006,13677
1007,8016
1008,10262
1009,3873
1010,4812
1011,2017
1012,4462
1014,6383
1015,11989
1016,7303
1017,7229
1018,4995
1019,7408
1020,14960
1021,4482
1022,6442
1023,6144
1025,10231
1026,4823
1027,4823
1028,12898
1029,5678
1031,2228
1032,8018
1033,15136
1034,5583
1037,7757
1038,13029
1039,3841
1040,10216
1041,3100
1043,14594
1044,14237
1045,13164
1046,14924
1047,10844
1048,7064
1049,9555
1050,7155
1051,12192
1052,7353
1053,5054
1055,10844
1056,6144
1057,2754
1058,12327
1059,3841
1060,12373
1061,10231
1062,7318
1063,16736
1064,6195
1065,2753
1066,3807
1068,5406
1069,10441
1070,8066
1071,6961
1072,5586
1073,7384
1075,13941
1076,5198
1077,3807
1078,13838
1080,7229
1081,10262
1082,4384
1083,12819
1084,7757
1086,6674
1087,2227
1088,13014
1089,3175
1090,6565
1092,3687
1093,3210
1094,4778
1095,10877
1096,9187
1098,14781
1099,13227
1100,4668
1101,14178
1102,8066
1103,3943
1104,11200
1105,8586
1106,13044
1107,8099
1108,10262
1110,8475
1111,3873
1112,2227
1114,5228
1115,5092
1116,4777
1117,3383
1119,3943
1120,3100
1121,14871
1122,8016
1123,11789
1124,10529
1125,5615
1126,4649
1127,12723
1128,10844
1129,14714
1130,6216
1131,4148
1132,5647
1133,10844
1134,6818
1135,13643
1136,6358
1137,14714
1138,6460
1139,9663
1141,5963
1142,13014
1143,9663
1144,4423
1146,7503
1147,4804
1149,6197
1150,3597
1151,9100
1152,4050
1153,7723
1154,15129
1155,12373
1156,4591
1157,6300
1158,5176
1159,12717
1160,4405
1161,6749
1162,7064
1163,16289
1164,6297
1165,5678
1166,14388
1167,7229
1168,9806
1169,6195
1170,13044
1171,13882
1172,8147
1173,8052
1174,14781
1175,14151
1176,6704
1178,4462
1179,8367
1180,13376
1181,13067
1182,5224
1183,13542
1184,3419
1185,10444
1186,4804
1187,4995
1188,4957
1189,15554
1190,9663
1191,14151
1192,5601
1193,7787
1194,5092
1195,10844
1198,10156
1199,8627
1200,4409
1201,9646
1202,13817
1203,13538
1204,9416
1205,7229
1206,10203
1207,6778
1208,2754
1209,10991
1210,4668
1211,5726
1212,14960
1213,7480
1214,4107
1215,11467
1216,5796
1217,10262
1219,5298
1220,6451
1221,6245
1222,2071
1223,4804
1224,7005
1225,12284
1226,10203
1227,6938
1228,13377
1229,9779
1230,4667
1231,4544
1232,16079
1234,15554
1235,3543
1236,6121
1237,8075
1238,13377
1239,14571
1240,3919
1241,14231
1242,2754
1243,8067
1244,8452
1245,15025
1247,15103
1248,8586
1249,10844
1250,12898
1252,11622
1254,13014
1255,13941
1257,13542
1258,6558
1259,5192
1260,4878
1261,12898
1262,7384
1263,3898
1264,3383
1265,6093
1266,12192
1267,6795
1268,11455
1269,3540
1270,15898
1271,9718
1272,7831
1273,6416
1274,3739
1275,8085
1276,4823
1277,13376
1278,8452
1280,4851
1281,6795
1282,4823
1283,10577
1284,12032
1285,9330
1286,8977
1287,7005
1288,10844
1289,12192
1290,4441
1291,7575
1292,4804
1293,3597
1295,8016
1296,10844
1297,9663
1298,6069
1299,6442
1300,13587
1301,3100
1302,14781
1303,12898
1304,4804
1305,4174
1306,4591
1308,8266
1309,4823
1310,6094
1311,14178
1313,2575
1314,12395
1315,10351
1316,5192
1317,7670
1319,14151
1320,4775
1321,12865
1322,5462
1323,8382
1324,4544
1325,4544
1326,14781
1327,5158
1328,5678
1330,4049
1331,6565
1332,12373
1333,4441
1334,3597
1335,5678
1336,10660
1337,4544
1338,4823
1339,14214
1340,14781
1342,14053
1343,10262
1344,4823
1345,8361
1349,5883
1350,12898
1351,16079
1352,10678
1354,6575
1355,15129
1356,10844
1357,11654
1358,5069
1359,5176
1360,13292
1361,6386
1363,4435
1364,4591
1365,7832
1366,4174
1367,6148
1368,9149
1369,6128
1370,6412
1371,8073
1372,4256
1373,14634
1374,14067
1375,4804
1376,4911
1377,6412
1378,3543
1379,3858
1380,9941
1381,7229
1382,8352
1383,14151
1384,6795
1385,4804
1387,4106
1388,5510
1389,15129
1390,13029
1391,6582
1392,5797
1393,12692
1394,3332
1395,10151
1396,5046
1397,8907
1398,5228
1399,13753
1400,11087
1401,14781
1402,5224
1403,3702
1404,2754
1405,3383
1406,5228
1407,5054
1408,13555
1409,7408
1410,5224
1411,9694
1412,7318
1413,5054
1414,4030
1415,16736
1416,2050
1417,9977
1418,10368
1419,6755
1420,3502
1421,6961
1422,4544
1423,3841
1426,3100
1427,4319
1428,2227
1429,5831
1430,4804
1431,5458
1432,7229
1433,14571
1434,3919
1435,6916
1436,6960
1437,16757
1438,14871
1439,5054
1441,4823
1444,16079
1446,6818
1447,13941
1448,12927
1449,4804
1450,5406
1451,7318
1452,3384
1453,11410
1454,9134
1455,7832
1456,14815
1457,4591
1458,12373
1459,4284
1460,13941
1462,9165
1463,8016
1464,5192
1465,14939
1467,14502
1468,13817
1469,14151
1470,15077
1471,12192
1472,1965
1473,3850
1474,3175
1475,7229
1476,16079
1477,4392
1479,10368
1480,12898
1481,14960
1482,6442
1483,3597
1485,6111
1486,6015
1487,6121
1488,6287
1489,7229
1490,6442
1491,4544
1493,16079
1494,6076
1495,10408
1497,13663
1498,10671
1499,3383
1500,9021
1501,14533
1502,11992
1503,3597
1504,4077
1505,9646
1506,3873
1507,15129
1508,6104
1510,10562
1512,3873
1513,1840
1514,9585
1515,3210
1516,6147
1517,7341
1518,8372
1519,10877
1520,10441
1521,13611
1523,5963
1524,3597
1525,8529
1526,10678
1527,8285
1529,12692
1530,4423
1531,7229
1532,6144
1533,10919
1534,4148
1535,3873
1536,11702
1537,14871
1539,6938
1540,6093
1541,3943
1542,8040
1543,15129
1544,3597
1545,8610
1546,13067
1547,4991
1548,4649
1549,3597
1550,12898
1552,8855
1553,10262
1554,3943
1555,9001
1556,7670
1557,7530
1558,8443
1559,5351
1560,6688
1561,11087
1563,4775
1564,3514
1565,13376
1567,7480
1568,2227
1569,7452
1570,4409
1572,3332
1573,6902
1574,6857
1575,12373
1576,11789
1577,13039
1578,11087
1580,1965
1581,6093
1582,11841
1583,9663
1584,14714
1586,5073
1587,7229
1588,9194
1589,11789
1590,2017
1591,15894
1592,3419
1593,10368
1594,6027
1595,7480
1596,7189
1597,7276
1598,15764
1599,14714
1600,7888
1601,10262
1602,15318
1603,5608
1604,12681
1605,9417
1607,12537
1608,10651
1609,6741
1612,4423
1613,5678
1615,5054
1616,7480
1617,6961
1618,3841
1619,3943
1620,7229
1621,4319
1622,4423
1623,16079
1624,7754
1625,10467
1626,14714
1630,4667
1631,7229
1632,14237
1633,8266
1634,13882
1635,4823
1636,4483
1637,6961
1638,9663
1640,4049
1641,3807
1642,6442
1643,7832
1644,6442
1645,4823
1646,13555
1647,5135
1648,3383
1649,5842
1650,16704
1651,8366
1652,1965
1653,3873
1655,10678
1656,6824
1658,13378
1659,3943
1660,7191
1661,3625
1662,6841
1663,11134
1666,4544
1667,13376
1668,11087
1669,5515
1670,4804
1671,3597
1672,15353
1673,9899
1674,7303
1675,13817
1677,16289
1678,9663
1679,10975
1680,4384
1681,14714
1682,10919
1683,14388
1684,10877
1685,15129
1686,7191
1687,6686
1688,7530
1689,6442
1691,13817
1692,13626
1693,14388
1694,4804
1695,5406
1696,4611
1697,5069
1698,3898
1699,2754
1700,6943
1701,14781
1702,16079
1703,8033
1704,6860
1705,6953
1706,4823
1707,4174
1709,9663
1710,3841
1711,5000
1712,13366
1713,12395
1715,15554
1716,13067
1717,6565
1718,1965
1719,3332
1720,6208
1723,9663
1724,12284
1725,7480
1727,14151
1728,4804
1729,6069
1730,6065
1731,14151
1732,14231
1733,12395
1734,5636
1735,5232
1736,14714
1737,3850
1738,7258
1740,4423
1741,2227
1742,13377
1743,8016
1745,6860
1746,6628
1747,11627
1748,4174
1749,14714
1750,14151
1752,12373
1753,3943
1754,7870
1755,8016
1756,10975
1757,3850
1758,4804
1759,15554
1760,4465
1761,11841
1763,3841
1764,4591
1765,5192
1766,10577
1767,15129
1768,11789
1769,8372
1770,8266
1771,14781
1772,5613
1773,7229
1774,6093
1775,15544
1776,6296
1777,4804
1778,4284
1779,6558
1780,5775
1781,3543
1783,4050
1786,9653
1787,3943
1789,8849
1790,2754
1793,9899
1794,12242
1795,10368
1796,5755
1797,10262
1798,6643
1799,9845
1800,11134
1801,5583
1802,6069
1803,13817
1805,7795
1806,13977
1807,10919
1808,6038
1809,5601
1810,12351
1811,6094
1812,7575
1813,16079
1814,10262
1815,13470
1816,8016
1817,16289
1818,10262
1819,4823
1820,5403
1822,13552
1823,10844
1825,8625
1826,4777
1827,5000
1829,11627
1830,13731
1831,3943
1832,6992
1833,13941
1834,14924
1836,7295
1837,9292
1838,13941
1839,4150
1841,5601
1842,14960
1843,13377
1844,3342
1845,8016
1846,16736
1847,10031
1848,7258
1849,4030
1852,13587
1853,5678
1855,2754
1856,4668
1857,4107
1858,5894
1859,10262
1860,13941
1861,6451
1862,10975
1863,14746
1864,11410
1865,3841
1866,13381
1867,15078
1868,8891
1869,7757
1870,4441
1871,10031
1872,4823
1873,8576
1874,11087
1876,11432
1877,3175
1878,4804
1880,7563
1881,3873
1882,6282
1883,11200
1884,5613
1885,5601
1886,10262
1887,14306
1888,7064
1890,13591
1893,3749
1894,6810
1895,7485
1896,5510
1897,10262
1898,6723
1899,8307
1900,6146
1901,15129
1902,14388
1903,4544
1904,5198
1905,7503
1906,12314
1907,8372
1908,14781
1909,8016
1910,6297
1911,14388
1912,6393
1913,14939
1914,14781
1915,14871
1916,4319
1917,13067
1919,9134
1920,3943
1921,8879
1922,14571
1923,5644
1924,9663
1925,14571
1926,3971
1928,3841
1929,12898
1930,13376
1931,9905
1932,13587
1933,7740
1934,9794
1936,15129
1938,6528
1939,8266
1940,6442
1941,10262
1943,8273
1944,10703
1945,8510
1946,2754
1947,2227
1949,6356
1950,14781
1952,4340
1953,12224
1955,4174
1957,12853
1958,3383
1959,11111
1960,7229
1961,4030
1962,14871
1963,12898
1964,14533
1965,7258
1966,4812
1967,12384
1968,8603
1969,8603
1970,14231
1972,11410
1973,12725
1975,3873
1976,3850
1977,8479
1978,14151
1979,5228
1981,4995
1982,10651
1983,4282
1984,10697
1986,3540
1988,15147
1989,8016
1990,2437
1991,6104
1992,1965
1993,7408
1994,4049
1995,8016
1996,10197
1997,10844
1999,14781
2000,7335
2001,7229
2002,4353
2003,13941
2004,12295
2005,12898
2006,7927
2007,4483
2009,4692
2010,13555
2011,6270
2012,13584
2014,14151
2015,6216
2016,15135
2017,15136
2018,10262
2019,12384
2020,9314
2022,10454
2023,8372
2024,11848
2025,6416
2026,3342
2027,10118
2028,14960
2029,6818
2030,5510
2032,7038
2033,8266
2034,14300
2035,8366
2038,8567
2039,9646
2040,8341
2042,3543
2043,13994
2044,4777
2045,7038
2046,3175
2047,7408
2048,3943
2049,15974
2050,3873
2051,4423
2052,15129
2053,8285
2054,3100
2056,2385
2057,11316
2058,10262
2059,7662
2061,6838
2062,13376
2064,8574
2065,7832
2066,12192
2067,4050
2068,6722
2069,10844
2070,7408
2071,14189
2072,3841
2073,8586
2074,7155
2075,9899
2076,14571
2077,4823
2078,4544
2079,14752
2081,7202
2082,11098
2083,2575
2084,6673
2085,14306
2086,15554
2088,4995
2089,7832
2090,8586
2091,6094
2092,13292
2093,10368
2094,9718
2095,7412
2096,10441
2097,14871
2098,15554
2100,3175
2101,3597
2102,1965
2103,12717
2104,6015
2105,5615
2106,7845
2109,4174
2110,6883
2111,6883
2112,8355
2113,5469
2114,6478
2115,11913
2116,7006
2117,12681
2118,15129
2119,13587
2120,14714
2121,6220
2122,10262
2123,8576
2124,10031
2125,12819
2126,5052
2128,5613
2129,3873
2130,6015
2131,10844
2132,2227
2133,7229
2134,10368
2135,12898
2136,12192
2137,12121
2138,16163
2139,12284
2140,5780
2141,4995
2142,6496
2144,4823
2145,2647
2146,12649
2147,8266
2148,6216
2149,4423
2151,5726
2152,15147
2153,15554
2155,7198
2156,5073
2157,3943
2158,3205
2159,3257
2160,4804
2161,10231
2162,12898
2163,2227
2164,9258
2165,9663
2166,8040
2167,3419
2168,8016
2169,7229
2170,4959
2171,10151
2173,10844
2174,7205
2175,12284
2176,13994
2177,6015
2178,4226
2179,9483
2180,5198
2181,10368
2182,11982
2184,5510
2185,8177
2186,11410
2187,9385
2188,10262
2189,3873
2190,11999
2191,14300
2192,2175
2193,14431
2194,7229
2195,3809
2196,7354
2197,12537
2198,9719
2199,8040
2200,4995
2201,4591
2203,3850
2204,6442
2205,11378
2206,13377
2207,10844
2208,4995
2209,6057
2210,5176
2211,13014
2212,7917
2213,5583
2214,7229
2215,7191
2216,3210
2217,14871
2218,8099
2219,8366
2220,6297
2223,6144
2224,13941
2225,3702
2226,5583
2227,10208
2228,12384
2230,7006
2231,12723
2232,10577
2233,16736
2234,10262
2235,7155
2236,15147
2237,4823
2238,8714
2239,10953
2240,10203
2241,12373
2242,14151
2244,5586
2246,8586
2247,5409
2248,7178
2249,5797
2250,13759
2251,13873
2252,16079
2253,2017
2254,10844
2255,3573
2256,8066
2257,14053
2258,12284
2259,5351
2260,7064
2261,10394
2262,9663
2263,13727
2264,10262
2265,4823
2266,7074
2268,14067
2269,4823
2270,4823
2271,4483
2272,14960
2273,7171
2274,12173
2275,11392
2277,14151
2278,4030
2279,4226
2280,11050
2281,6961
2282,14231
2283,10919
2284,10913
2285,5277
2286,7485
2287,14231
2288,4201
2289,7931
2290,6513
2292,6218
2293,8603
2294,7318
2295,13504
2296,9646
2297,5224
2298,12692
2299,9689
2300,13033
2301,13626
2302,2754
2303,12121
2304,3419
2305,13033
2306,4174
2307,6152
2308,5201
2309,9134
2310,13243
2311,15129
2312,2759
2313,4423
2314,9187
2315,7740
2316,6144
2317,10877
2318,6442
2319,7048
2320,5797
2321,10573
2322,7503
2323,6104
2324,9663
2325,5769
2326,3100
2327,12373
2328,3815
2329,14300
2330,4823
2331,2754
2332,9736
2333,7280
2334,7408
2335,13044
2336,12723
2337,8586
2338,6316
2339,15554
2340,2385
2341,13587
2342,13790
2343,10975
2344,14388
2345,7198
2347,12717
2348,14871
2349,10118
2350,10262
2351,2071
2352,5228
2353,7832
2354,7005
2355,14237
2356,3971
2357,3943
2358,8574
2359,12646
2361,13941
2362,5135
2363,11096
2364,13555
2365,5403
2366,15812
2367,14781
2368,8907
2369,4145
2370,14151
2371,7845
2372,8099
2373,13377
2375,10262
2376,7229
2377,12395
2378,11134
2379,6540
2380,7354
2381,9548
2383,5054
2384,10413
2385,4804
2386,4049
2387,6795
2388,4435
2389,6224
2390,4804
2391,6171
2392,6093
2393,4174
2394,3342
2395,13587
2396,16079
2397,6015
2399,9103
2401,11538
2402,8146
2403,6117
2406,12692
2407,8610
2408,6723
2409,4878
2410,16736
2411,11134
2412,3943
2413,13587
2414,16914
2415,1965
2416,8073
2417,3943
2418,5170
2419,3398
2420,4409
2421,8541
2422,4777
2423,3847
2424,7064
2425,4668
2426,1965
2427,14781
2428,4049
2429,13584
2430,12373
2432,7229
2434,14781
2435,14571
2436,10197
2437,5975
2438,8535
2439,12537
2440,4145
2441,4049
2442,5192
2443,6121
2444,8669
2445,8476
2446,2647
2447,14714
2448,10566
2449,10262
2450,8098
2451,6883
2452,16108
2453,4413
2454,10919
2455,4804
2456,10539
2457,4377
2458,6961
2459,7408
2460,4823
2461,5198
2463,5613
2464,10262
2465,5755
2466,3687
2467,5678
2468,13542
2469,12347
2470,12384
2471,10909
2472,4823
2473,6069
2475,4804
2476,10031
2477,6442
2478,9653
2480,14714
2481,12599
2482,9103
2483,12898
2484,2647
2485,5678
2486,12373
2487,3847
2489,13843
2490,7229
2491,4995
2492,10262
2493,13029
2494,14053
2496,3841
2497,11003
2498,5403
2499,15342
2500,12224
2501,6297
2502,8844
2503,13377
2504,5706
2505,8372
2506,6526
2507,4823
2508,3175
2509,10407
2510,4423
2512,12681
2513,13059
2514,8586
2515,3419
2516,3873
2517,10203
2518,13029
2519,10844
2520,11134
2521,8610
2522,4174
2524,3971
2526,3573
2527,8366
2528,13885
2530,4409
2532,13377
2533,13538
2534,15147
2535,4030
2536,14848
2537,13555
2540,9663
2541,4050
2542,14714
2543,11213
2544,4544
2545,3873
2546,12537
2547,13067
2549,8714
2550,13376
2551,3597
2552,7670
2554,7480
2555,13584
2557,4544
2558,8099
2559,10844
2560,12557
2561,9564
2562,13817
2563,12384
2564,7575
2565,14120
2566,6916
2567,7878
2568,11087
2569,4804
2570,3597
2572,2227
2573,9929
2574,11841
2575,12373
2576,12898
2578,10529
2579,8875
2580,10844
2581,15676
2582,7064
2583,10844
2585,13941
2586,6790
2587,3841
2588,11087
2589,11491
2590,3943
2592,4878
2593,14714
2594,10877
2595,9653
2596,14571
2598,5618
2599,13727
2600,4851
2601,15187
2602,3419
2603,3943
2605,3419
2606,10861
2607,7074
2609,6968
2610,5769
2612,13044
2613,15129
2614,3841
2615,4804
2616,4319
2617,16079
2619,12351
2621,13817
2622,3625
2624,5613
2626,4077
2627,6883
2629,8714
2630,4804
2631,15078
2632,4807
2634,5403
2636,7335
2637,9412
2638,10844
2639,4990
2642,10262
2643,6007
2644,12219
2645,3898
2647,12534
2648,10844
2649,4377
2650,11982
2651,4423
2653,8295
2655,3398
2656,7198
2657,7229
2658,13014
2659,6528
2661,15129
2662,11071
2663,4174
2664,11299
2665,12373
2667,4804
2668,11642
2669,3419
2670,6103
2671,13033
2672,11245
2673,10056
2674,10539
2675,5277
2676,11936
2677,13014
2679,12373
2681,4995
2682,7438
2683,4148
2684,3597
2685,5192
2686,16736
2687,7933
2688,8879
2689,5000
2690,8137
2692,4273
2694,4226
2695,10844
2696,2754
2697,6301
2699,12898
2700,12127
2703,4239
2704,14714
2705,6218
2706,7295
2707,7408
2708,13994
2709,5224
2710,4391
2711,14109
2712,4885
2713,8016
2714,12524
2715,6017
2716,10441
2717,3625
2719,7199
2720,12273
2721,7530
2722,5678
2723,11753
2724,1965
2725,10208
2726,5054
2727,14871
2728,12373
2729,2017
2730,10661
2731,9794
2733,7298
2734,7648
2735,10676
2736,6961
2737,6979
2738,13587
2739,10844
2740,3943
2741,6838
2742,6542
2743,12239
2744,14388
2745,4148
2746,16840
2747,9646
2748,14571
2749,7923
2750,8586
2751,9646
2752,14388
2753,13044
2754,10197
2755,14714
2756,9929
2757,6017
2758,3597
2759,5704
2760,14714
2761,5228
2763,4668
2764,4591
2765,3943
2766,5228
2767,12242
2769,6573
2770,14781
2771,14960
2772,4332
2773,7652
2774,14151
2775,4319
2776,10929
2778,6015
2779,12692
2780,4384
2781,3943
2782,12373
2784,14053
2785,5911
2786,10877
2787,7757
2788,6558
2789,4804
2790,5678
2791,12373
2792,5198
2793,6064
2794,15029
2795,10909
2798,8781
2799,6442
2801,4878
2802,16736
2803,9630
2804,8610
2805,3687
2806,8452
2807,3943
2808,3342
2809,13067
2810,4878
2811,14388
2812,16704
2813,3100
2814,13387
2815,4049
2816,13029
2817,3919
2818,3850
2819,8839
2820,7064
2821,13941
2822,13007
2823,14781
2824,2071
2825,4256
2826,7923
2827,3782
2828,12384
2829,8565
2830,6232
2831,4777
2832,4145
2833,5192
2834,4729
2835,6093
2836,8891
2837,12242
2839,14781
2840,10197
2842,7480
2843,4804
2844,4439
2845,10368
2846,6065
2847,8586
2848,5406
2849,12142
2850,14714
2852,15434
2853,10676
2854,4804
2855,13014
2856,3943
2857,9678
2858,14781
2859,10197
2860,10861
2861,10844
2862,7480
2863,5684
2865,9314
2866,4435
2867,11789
2868,3919
2869,5198
2870,4273
2872,2754
2874,10539
2875,14676
2877,4544
2878,4140
2879,7229
2880,16373
2881,10991
2882,9663
2884,6752
2885,8529
2886,4729
2887,7670
2888,4995
2889,7229
2890,4823
2891,3782
2892,12898
2893,3841
2894,9627
2895,14571
2896,6985
2897,8040
2898,4804
2899,10678
2901,8529
2902,11753
2904,13374
2905,3625
2907,10262
2908,9663
2909,9595
2910,4804
2911,12744
2912,6961
2913,9663
2914,7575
2915,13355
2917,3625
2918,10262
2919,9443
2921,4784
2922,7893
2923,14431
2925,3210
2926,13677
2928,8372
2929,11664
2930,6961
2931,6121
2932,5911
2933,3398
2934,7530
2935,3419
2936,6558
2937,10203
2939,5575
2940,6152
2941,5608
2944,3419
2945,6218
2946,14714
2947,14848
2948,9358
2949,8366
2950,15342
2951,5678
2952,4804
2953,14571
2954,12681
2956,9922
2957,10844
2958,4423
2959,3419
2960,14714
2961,11087
2962,6316
2963,3543
2964,14571
2965,14676
2967,13941
2969,8016
2970,12898
2971,7229
2972,2017
2973,16736
2974,3873
2975,6704
2976,10844
2977,7450
2978,16736
2979,10262
2981,3311
2982,7081
2983,3943
2984,8372
2985,11701
2986,5769
2987,15965
2988,4423
2989,6136
2990,11087
2991,3540
2992,12898
2993,4591
2995,14714
2996,14151
2997,8835
2998,11936
2999,13882
3000,5117
3001,4544
3002,6442
3003,10441
3004,2227
3005,7229
3006,10262
3007,13817
3008,5975
3009,4148
3010,13587
3011,2759
3012,7229
3013,13547
3014,3873
3015,14388
3016,13731
3017,3815
3018,5678
3019,9663
3020,8855
3021,15129
3022,13555
3023,10844
3024,7832
3025,11150
3026,8452
3027,9646
3028,3943
3029,5281
3030,14667
3031,14571
3034,10577
3035,14848
3036,4591
3037,3597
3038,6938
3039,3807
3040,10262
3041,11432
3042,7229
3043,14848
3044,8586
3045,6106
3046,3873
3047,15812
3048,12121
3049,8586
3050,7354
3051,4778
3052,6838
3053,10276
3054,8016
3055,4943
3056,4823
3057,12996
3058,9929
3059,9508
3060,5674
3061,3858
3062,4804
3063,13377
3064,12898
3065,4409
3066,8759
3067,10394
3068,3858
3069,6253
3070,15129
3071,4773
3073,12692
3074,3943
3076,8784
3077,11622
3078,5277
3079,8327
3080,6885
3081,8016
3082,10112
3083,14871
3084,10262
3085,2470
3086,11622
3087,8662
3089,11992
3090,12373
3091,7198
3092,14714
3093,6316
3094,5998
3095,13044
3096,9646
3097,6451
3098,5281
3099,2228
3100,3943
3101,11753
3102,12819
3104,4812
3106,8452
3107,6762
3108,13817
3109,12898
3110,3480
3112,7791
3113,5704
3114,5268
3115,3898
3116,3847
3117,10877
3118,8371
3119,7038
3120,14571
3121,11841
3122,15129
3123,3841
3125,4460
3126,7648
3127,8610
3128,3597
3129,6442
3130,12351
3131,14067
3132,4823
3134,8040
3135,7648
3136,6582
3137,4668
3138,4823
3139,3873
3140,8476
3141,5636
3142,8586
3143,4823
3144,6881
3145,10844
3146,4226
3147,12373
3148,10697
3149,4995
3151,13029
3153,7408
3154,7064
3155,13843
3156,4174
3157,16294
3158,3841
3159,4423
3160,5201
3162,4049
3164,13067
3165,9345
3166,6818
3167,8040
3168,14300
3169,13727
3170,7832
3171,16259
3172,4823
3173,16736
3174,13217
3175,6637
3176,10844
3177,8401
3178,3873
3179,12410
3180,15129
3181,4423
3182,16079
3183,15894
3184,9103
3185,8991
3187,4575
3188,3873
3189,7832
3190,3597
3192,7229
3193,3873
3194,9794
3195,6681
3196,4423
3197,10844
3198,7258
3199,4995
3200,14924
3202,10262
3203,5515
3204,6643
3205,2754
3206,6493
3207,6218
3208,10861
3209,7094
3210,2227
3211,4544
3212,7664
3213,8016
3214,3807
3215,12698
3216,8586
3217,7064
3218,5601
3219,7317
3220,12797
3221,4226
3222,14151
3223,6628
3224,8033
3225,11200
3226,4804
3227,5192
3228,13014
3230,15603
3231,4239
3232,13044
3233,12898
3234,6013
3235,14781
3236,12557
3237,13875
3238,11507
3239,5510
3240,10198
3241,8355
3242,8016
3243,6314
3244,5831
3245,10262
3246,15136
3247,7832
3248,3859
3249,4174
3251,10518
3252,4823
3253,7276
3254,12192
3255,11410
3256,13033
3258,4804
3261,4823
3262,2227
3263,10262
3265,9296
3266,6094
3267,8586
3268,10919
3269,9495
3270,14714
3271,5201
3272,7090
3273,4575
3274,9646
3275,5636
3276,9646
3277,4050
3278,14714
3279,4804
3280,10577
3281,3898
3282,14571
3283,10919
3284,8016
3285,6287
3286,8366
3287,15400
3288,8553
3289,3841
3291,3597
3292,4332
3293,3898
3295,8610
3296,4804
3298,14781
3299,9134
3301,8147
3302,3873
3303,14571
3304,11003
3305,10262
3306,12719
3307,10262
3308,7171
3309,4423
3310,12616
3312,14914
3313,3210
3314,4632
3315,12373
3316,4804
3318,13587
3320,6151
3321,8016
3322,15135
3323,6794
3327,14343
3328,6795
3329,3873
3330,2754
3331,16666
3332,11098
3334,9929
3335,10844
3337,9212
3338,13727
3339,4282
3340,10844
3341,7480
3342,4823
3343,12373
3344,7215
3346,8143
3347,4823
3348,10844
3349,5621
3350,9555
3351,4777
3352,7648
3353,10308
3355,11319
3356,10844
3357,15078
3358,2017
3359,4409
3360,5054
3361,10111
3362,4273
3364,8576
3365,8016
3366,8016
3368,4423
3369,4050
3370,14781
3371,8586
3372,5162
3373,13731
3374,7438
3376,5613
3377,5380
3378,7438
3379,9646
3380,6853
3381,13555
3382,5883
3383,6171
3384,3175
3385,4832
3386,13377
3387,10262
3388,10262
3389,8603
3390,8586
3391,8452
3392,14231
3393,16289
3394,6860
3395,2754
3396,9646
3397,4667
3398,4804
3399,4545
3401,12647
3402,8586
3403,5277
3404,6206
3405,4483
3407,3841
3408,3815
3409,6860
3410,12121
3411,5963
3412,3625
3413,3841
3414,4823
3415,9646
3416,10152
3417,7514
3418,16736
3419,13584
3420,11222
3421,3850
3422,7608
3423,10844
3424,7408
3425,3687
3426,11726
3429,6069
3431,8085
3432,4878
3433,4077
3434,7605
3435,13014
3436,11600
3437,14151
3438,12497
3440,6300
3441,15147
3442,6795
3443,5755
3444,10203
3445,14714
3446,4545
3447,14781
3449,4049
3450,13029
3451,14571
3452,6961
3453,6381
3454,3841
3455,11538
3456,8610
3458,7408
3459,10262
3461,13587
3462,7480
3463,6351
3464,7153
3465,4409
3466,7228
3467,11667
3468,4649
3469,12592
3470,11789
3471,4667
3472,9719
3473,6902
3474,14781
3475,10844
3477,6121
3478,8610
3479,5620
3480,4804
3481,7005
3482,15129
3483,8586
3484,10197
3485,10667
3486,11160
3488,10844
3490,5198
3491,8586
3492,4332
3493,5069
3494,4544
3495,14973
3497,3625
3499,7615
3500,4823
3501,16736
3502,9663
3503,9205
3504,15554
3505,1965
3506,5510
3507,8266
3508,3175
3509,4760
3510,7740
3511,13941
3512,11410
3515,10368
3516,12324
3517,3841
3518,13014
3519,6442
3520,12373
3521,13817
3522,4823
3523,9412
3524,10231
3525,7229
3526,4273
3528,7164
3529,6478
3530,5198
3531,4319
3532,10262
3533,6741
3534,14571
3536,11753
3537,7832
3538,8610
3539,13626
3541,2754
3543,10067
3544,4959
3546,3100
3547,8405
3548,6943
3549,3841
3550,2017
3551,9187
3552,13941
3553,8938
3554,4319
3555,3573
3556,3841
3557,7202
3558,9187
3559,6976
3560,12898
3562,10588
3563,9181
3564,11087
3565,10262
3566,4886
3567,8470
3568,14960
3569,3873
3571,8907
3572,3859
3573,3807
3574,4384
3575,11622
3576,4563
3577,1965
3578,4145
3579,10031
3580,11628
3581,10262
3582,2017
3583,6216
3584,16294
3585,3943
3586,7038
3587,7294
3588,3873
3589,3100
3590,12507
3591,6152
3592,8030
3593,5769
3594,4804
3595,8372
3596,8578
3597,11228
3598,13227
3599,8855
3600,12192
3601,12819
3602,3943
3604,5228
3605,14300
3607,5699
3609,8452
3610,13961
3611,5769
3612,10877
3613,4591
3615,12373
3616,3807
3617,9555
3618,4483
3619,14781
3621,12373
3622,5530
3623,7081
3625,9316
3626,10844
3627,8542
3628,4823
3630,13374
3631,13062
3632,13014
3633,8541
3634,11134
3635,7832
3636,8888
3637,9663
3639,7832
3640,12123
3641,8073
3642,4991
3643,3419
3644,10262
3645,10262
3646,3807
3647,5755
3648,10262
3649,13039
3650,7832
3651,6297
3652,3210
3653,15147
3654,4049
3656,8366
3657,9134
3658,4823
3659,5006
3660,7480
3661,10844
3662,7064
3663,5224
3664,4384
3665,13377
3666,8837
3667,16352
3668,10441
3669,3597
3670,3807
3671,9663
3672,12681
3673,4668
3674,15129
3676,8372
3677,5515
3678,8355
3679,2754
3680,13377
3681,15554
3682,5224
3683,6069
3685,6959
3686,3841
3687,8669
3688,13014
3689,13731
3690,7888
3691,12942
3692,12395
3693,14571
3694,4591
3696,4804
3697,14388
3698,14851
3699,8586
3701,14237
3702,5069
3703,16079
3704,9663
3705,13587
3707,11446
3708,3100
3709,6484
3710,4049
3711,3873
3712,7280
3713,3625
3714,3919
3715,15554
3716,3850
3717,15129
3718,7229
3719,4823
3720,4823
3722,4823
3723,10262
3724,6818
3725,1965
3726,9345
3727,6938
3729,11753
3730,12488
3731,9899
3732,11622
3733,3847
3734,16079
3735,6478
3736,5201
3737,4409
3739,4878
3740,3573
3741,10844
3742,4804
3743,5201
3744,14533
3745,3873
3746,3543
3747,7215
3748,11999
3749,2754
3750,13817
3751,4107
3752,8073
3753,2227
3754,10539
3755,3943
3757,3925
3758,3210
3759,8016
3760,3841
3761,14388
3762,3597
3763,14086
3764,3749
3765,7229
3766,15603
3767,4823
3768,8040
3770,14714
3771,7927
3772,4030
3773,8285
3774,10844
3776,4148
3777,6496
3778,4148
3779,13339
3781,3943
3782,11087
3783,15318
3784,3873
3785,11573
3786,4668
3787,13576
3789,5403
3791,14781
3792,4544
3793,9416
3794,8662
3795,9194
3796,3873
3797,11465
3798,8907
3800,12242
3801,12192
3803,9663
3804,8614
3805,13292
3806,7740
3807,8854
3808,7682
3809,4804
3810,4668
3811,5797
3812,4729
3813,7888
3814,5069
3816,9663
3817,7952
3819,13882
3820,4591
3821,16172
3822,4591
3823,4049
3824,4804
3825,6673
3827,13591
3828,4077
3829,12927
3830,16274
3831,4668
3832,12898
3833,11678
3834,5775
3835,5515
3836,13555
3837,14571
3838,2227
3839,6961
3840,15704
3841,8040
3842,14714
3843,9296
3844,10197
3845,8372
3846,6741
3847,6297
3848,13626
3849,15129
3850,6426
3852,6451
3853,12704
3854,13067
3855,7229
3858,8366
3859,15078
3860,7870
3861,3603
3862,11936
3863,8925
3864,6934
3865,6542
3866,4778
3867,4804
3868,14151
3869,16108
3870,13377
3871,3919
3872,15136
3873,9345
3874,12327
3875,12284
3877,11848
3878,16079
3879,4804
3881,8505
3882,11774
3883,5769
3884,10844
3885,3597
3886,16497
3888,4804
3889,3100
3890,14714
3891,8853
3892,6582
3893,4668
3894,14571
3895,13843
3896,7354
3897,4804
3898,5277
3899,5998
3900,4591
3901,3597
3902,5678
3903,3850
3904,2017
3905,10262
3906,8603
3907,14153
3909,7695
3910,8488
3911,4340
3912,14151
3913,11087
3914,13759
3915,16079
3916,12717
3917,4995
3918,3873
3919,7826
3920,7980
3921,9486
3922,10844
3923,6482
3924,6628
3925,7452
3926,13882
3927,8099
3928,4878
3929,5170
3930,6315
3931,7295
3932,9794
3934,2017
3935,12615
3936,7240
3937,8016
3938,4878
3939,13292
3940,11707
3941,6147
3942,6093
3943,12681
3944,3311
3945,14260
3947,4804
3948,13538
3949,14151
3950,5575
3952,7082
3953,4319
3955,13759
3956,9181
3958,5298
3959,13364
3960,10844
3961,13941
3962,10919
3963,12284
3964,6790
3965,4392
3967,2753
3968,6327
3969,11125
3970,10262
3971,10262
3972,6752
3973,4423
3974,3383
3975,12121
3976,9021
3977,8266
3978,14714
3979,11386
3980,14815
3981,13843
3982,7191
3983,6251
3984,9412
3985,3815
3986,3100
3987,6216
3988,13377
3989,5694
3990,15107
3991,11260
3992,9929
3993,5642
3994,15078
3995,13377
3996,16057
3997,12284
3998,5678
4000,4823
4001,5562
4002,13790
4003,8586
4004,11264
4005,9663
4006,6416
4007,7725
4008,13376
4009,14231
4011,8040
4013,16079
4014,4937
4015,13039
4016,9314
4017,4957
4018,14973
4019,14571
4020,5224
4021,11622
4022,3419
4023,13344
4024,6316
4025,4392
4026,16704
4027,8529
4028,14300
4029,7198
4030,14300
4031,7229
4032,3841
4033,4030
4034,16079
4035,2754
4036,6842
4037,6138
4038,12576
4040,9358
4041,8586
4042,5176
4043,7480
4045,5793
4046,14848
4048,11467
4049,9719
4050,3873
4051,4862
4052,3971
4053,7832
4054,3625
4056,14486
4057,3841
4058,13941
4059,4823
4060,12009
4061,3597
4063,10577
4064,5320
4065,6860
4066,1759
4067,12242
4068,3841
4069,3502
4070,10844
4071,4174
4072,5608
4073,9376
4074,13584
4075,7354
4076,10844
4077,14388
4078,14781
4079,9653
4080,10262
4081,6674
4082,7663
4083,4319
4084,12373
4085,12242
4086,16289
4087,3419
4088,7851
4089,12284
4090,6386
4092,2017
4093,16274
4094,5947
4095,8040
4098,4049
4099,8588
4100,7229
4101,3943
4102,4483
4104,3419
4105,13486
4106,8610
4107,3898
4109,10278
4110,6442
4111,13344
4112,5521
4113,3597
4114,11077
4115,6673
4117,10366
4119,7174
4120,11087
4121,3383
4122,14960
4123,11467
4124,6673
4125,3100
4126,16736
4127,5117
4129,6354
4130,5674
4131,13029
4134,5740
4135,7646
4137,3100
4138,5406
4139,14388
4140,6297
4141,7229
4143,4282
4144,13727
4145,8614
4146,7363
4147,11281
4148,4340
4149,4778
4151,6442
4152,14714
4153,8018
4154,4145
4155,4784
4156,11707
4157,3815
4160,3873
4162,4804
4163,12898
4164,4284
4165,7229
4166,6114
4167,14848
4168,13611
4169,8016
4170,14571
4171,10675
4172,6794
4173,6540
4174,7240
4175,8839
4176,3873
4177,11596
4178,7199
4179,12898
4180,12524
4181,10368
4182,8040
4183,5135
4184,5626
4185,15809
4186,6412
4188,2227
4189,6916
4190,3100
4191,14388
4192,12327
4193,13014
4194,5403
4196,10844
4197,13843
4198,11690
4199,8452
4200,8372
4201,10262
4202,5678
4203,14151
4204,4544
4207,6565
4208,5281
4209,9646
4210,3175
4211,9653
4212,14777
4213,7155
4214,3543
4215,4804
4216,9304
4217,3943
4218,7060
4219,5228
4220,3597
4221,3971
4222,13727
4224,10262
4225,10262
4226,14714
4227,8834
4228,9838
4229,4775
4230,4823
4232,5883
4234,10262
4235,6513
4236,15532
4237,14714
4238,9187
4239,7038
4240,13587
4241,8016
4242,4049
4243,9536
4244,14571
4245,15812
4246,8759
4247,10151
4248,4804
4249,6104
4250,5510
4251,6027
4252,4174
4253,6794
4255,14388
4256,6896
4257,6144
4259,13227
4260,11664
4261,10844
4262,7757
4263,2754
4264,7618
4265,14781
4266,4284
4267,7740
4268,3419
4269,13941
4271,14300
4272,6121
4274,1759
4275,4423
4276,4544
4277,12402
4278,9663
4280,5117
4281,12898
4283,4030
4285,8529
4286,8073
4287,11942
4288,11702
4289,6442
4290,4804
4291,4823
4292,10877
4294,5201
4295,13067
4296,2754
4297,8366
4298,10844
4299,4878
4300,10231
4301,13292
4302,4804
4303,5201
4304,10368
4305,8820
4306,4160
4307,8891
4308,10539
4309,3971
4310,6093
4311,8266
4312,7480
4313,10262
4315,11789
4316,15135
4317,7887
4318,6818
4319,6482
4320,7888
4321,13759
4322,10262
4323,13376
4324,10197
4325,7997
4326,5117
4327,12373
4328,6795
4329,7229
4330,2575
4331,7662
4332,8366
4333,10844
4334,3540
4335,16863
4336,6121
4337,8434
4338,14151
4339,14441
4340,3898
4341,9483
4342,4282
4343,6478
4345,16704
4346,3898
4347,11297
4348,5224
4349,4823
4350,14871
4351,7480
4352,5224
4353,6093
4354,2754
4355,2227
4356,14781
4357,3898
4358,9397
4360,4591
4361,5930
4362,10991
4363,4622
4364,14714
4365,4823
4366,2228
4367,10703
4368,5613
4369,13759
4370,3943
4371,4944
4372,10262
4373,8479
4374,7514
4375,6934
4376,9663
4377,8085
4378,7266
4379,6493
4380,14714
4381,7485
4382,10262
4383,4878
4384,7198
4386,13044
4388,8614
4390,12284
4391,3419
4392,6528
4393,5403
4394,9732
4395,5761
4396,12009
4398,6144
4399,3257
4400,9021
4402,13757
4403,5895
4404,9663
4406,3311
4407,6297
4408,10844
4409,4049
4410,6961
4411,3384
4413,3859
4414,11732
4415,12524
4416,12284
4417,10262
4418,13344
4419,7229
4420,14960
4421,13381
4422,15147
4423,8586
4424,7054
4425,4082
4426,13029
4427,7064
4428,4943
4429,7229
4430,8450
4431,15318
4432,4804
4433,10844
4434,3175
4436,7893
4437,7171
4438,13727
4439,5201
4440,9001
4441,3943
4442,10546
4443,15554
4444,5228
4445,9404
4446,8601
4447,8888
4448,5088
4449,3943
4450,12373
4451,8323
4452,15339
4453,11982
4454,8844
4455,10262
4456,3597
4457,5678
4458,5277
4459,4823
4460,8049
4461,3543
4462,10262
4464,6496
4465,10844
4466,12032
4467,6741
4468,3943
4469,3841
4470,15288
4471,2050
4472,4842
4473,6643
4474,9581
4475,4804
4476,7832
4477,11667
4478,6442
4480,4544
4481,9663
4482,14714
4483,3100
4485,5761
4486,3100
4487,13626
4488,5678
4489,8529
4490,5201
4491,14151
4492,4483
4493,4174
4494,15544
4495,5601
4496,3419
4497,6451
4499,6961
4500,4174
4501,8824
4502,7947
4503,13587
4504,3841
4505,4804
4506,8586
4507,4778
4509,3540
4510,6442
4511,4145
4512,5644
4513,5224
4515,11264
4516,10188
4517,10844
4518,7166
4519,13817
4520,12373
4522,14815
4524,10262
4525,7468
4526,8040
4527,12819
4528,7295
4529,7229
4530,6853
4531,9663
4532,7064
4533,8372
4534,1965
4535,16932
4536,3841
4537,15812
4538,10924
4539,6934
4540,10262
4541,13843
4542,9315
4543,8266
4544,14231
4545,5048
4547,12537
4548,10262
4549,8040
4550,9736
4551,4804
4552,13817
4553,5048
4554,8040
4555,7354
4556,7563
4557,7725
4558,7740
4559,13532
4560,6565
4562,3841
4563,11200
4565,8372
4566,13591
4567,12395
4568,7298
4569,12214
4572,14781
4573,4878
4574,3597
4575,6810
4576,3687
4577,6482
4579,6147
4580,10953
4581,3873
4582,14815
4583,10678
4584,14053
4585,10539
4586,16946
4587,7673
4588,4441
4589,4544
4590,4804
4592,3100
4593,11150
4594,4823
4595,1965
4596,10262
4597,6674
4598,15764
4600,10262
4601,5069
4602,11789
4604,6094
4605,4885
4606,3383
4607,6673
4608,4544
4609,8367
4610,3898
4611,10844
4612,12327
4613,6356
4614,5228
4616,3943
4617,14714
4620,6513
4622,10861
4623,4049
4624,13555
4625,16079
4626,7673
4627,10161
4628,10262
4629,3873
4630,3311
4631,13611
4632,11858
4633,9316
4634,4823
4635,13941
4636,13029
4637,3873
4638,4591
4639,12395
4640,3603
4641,4804
4642,4823
4643,13244
4644,6785
4645,3100
4646,7198
4647,13014
4649,10441
4650,11528
4651,14083
4652,3597
4653,7662
4654,4823
4656,8040
4657,4668
4658,6304
4660,3841
4661,13587
4662,12093
4663,5899
4664,3100
4665,5438
4666,5780
4667,11668
4668,11934
4669,16263
4670,14871
4671,3573
4672,12497
4673,5411
4674,6600
4675,11160
4677,4649
4678,15129
4679,8626
4681,7832
4682,3100
4684,14714
4685,13882
4686,16274
4687,15135
4688,6144
4689,9483
4690,14431
4691,6093
4692,7888
4693,7503
4694,6117
4696,12681
4697,10678
4699,2017
4700,4885
4701,10786
4703,4804
4704,6587
4705,8728
4706,7452
4707,4823
4708,8310
4709,5403
4710,13376
4711,10877
4713,6558
4714,14067
4715,9627
4716,14714
4717,5000
4718,9845
4719,10844
4720,7048
4722,13843
4723,7832
4724,4049
4725,12242
4726,10262
4727,14571
4728,4174
4729,11264
4730,4174
4731,3540
4732,9345
4734,3342
4735,8073
4736,7064
4737,13376
4738,15135
4739,10413
4740,9187
4742,6674
4743,8330
4744,11200
4746,6216
4747,10844
4749,5277
4752,10844
4753,5469
4754,10262
4755,7185
4756,3807
4757,14714
4758,8610
4760,15629
4761,6128
4762,16289
4763,15129
4764,7832
4766,11467
4767,4392
4768,4491
4769,9663
4770,5883
4771,14777
4772,5162
4773,4804
4774,8529
4775,10844
4776,3873
4777,4804
4778,5678
4779,12681
4780,9623
4781,15147
4782,9345
4783,7757
4784,10844
4787,6117
4788,6171
4789,13626
4791,7531
4792,12373
4793,16289
4794,4777
4795,5198
4796,10844
4797,7171
4798,11942
4799,4423
4800,5586
4801,11134
4802,4284
4803,6245
4804,10341
4805,6860
4806,2050
4807,5797
4808,7648
4809,8851
4810,13007
4811,13067
4812,4049
4814,4667
4815,8938
4816,10208
4817,7354
4818,5438
4819,4107
4820,11134
4821,10262
4822,14083
4823,9345
4824,12373
4825,10196
4826,5947
4827,13044
4830,7476
4831,10413
4832,10261
4833,14151
4834,5176
4835,14714
4836,9314
4837,14714
4838,12192
4839,1759
4840,4744
4841,7229
4843,4462
4844,6300
4845,2575
4846,11087
4847,6305
4848,8290
4849,5769
4850,4990
4851,6135
4852,5733
4853,7670
4854,12819
4855,4823
4856,6979
4857,10493
4858,16111
4859,10651
4860,6600
4861,10919
4862,5198
4864,2754
4865,15129
4866,7255
4867,14486
4868,6591
4869,3573
4870,10262
4871,14388
4873,10368
4874,3384
4876,6386
4877,7229
4878,8891
4879,13587
4880,8227
4881,12125
4882,3873
4883,13377
4885,4622
4886,14231
4887,10262
4888,3943
4889,8610
4890,6717
4891,10877
4892,4775
4893,14571
4894,6205
4895,14151
4896,6637
4898,4804
4899,7252
4900,6069
4901,15554
4902,3850
4903,12940
4904,8844
4905,15190
4906,9134
4907,11822
4908,15078
4909,11005
4910,7006
4911,4259
4912,11762
4913,8147
4914,3841
4915,4174
4916,12898
4917,5583
4918,10262
4919,7229
4920,15129
4921,4668
4922,4990
4923,6985
4924,4823
4925,9345
4928,6818
4930,2175
4931,10844
4932,8040
4933,14571
4934,14571
4935,12898
4936,14848
4937,8283
4938,7229
4939,8405
4941,11038
4942,8016
4943,3384
4944,6573
4945,12819
4946,15129
4947,3943
4948,7832
4949,6860
4950,4823
4951,5228
4952,13364
4953,13555
4954,5277
4955,13243
4956,9794
4957,8016
4958,13377
4960,10697
4961,3384
4962,6734
4963,10844
4964,5228
4966,3384
4968,3480
4969,4423
4970,14178
4971,4760
4972,14151
4973,12681
4974,4886
4975,3807
4976,4804
4977,5694
4978,10197
4979,4077
4980,14781
4981,5224
4982,4804
4983,8586
4986,8610
4987,7229
4988,12009
4990,4729
4991,7931
4993,16289
4994,13292
4995,7618
4996,13377
4997,5192
4998,7268
4999,12384
5000,5694
5001,16338
5002,7198
5003,6540
5004,3210
5005,3873
5006,4483
5007,6752
5008,4823
5009,10203
5010,3873
5011,2017
5012,8586
5016,6593
5017,3971
5018,16289
5019,9314
5020,4030
5021,13587
5022,9314
5023,6253
5024,5192
5026,5403
5027,11200
5028,3858
5029,4174
5030,5411
5031,3175
5032,3858
5033,13941
5035,4990
5037,6860
5038,8001
5039,10262
5040,8085
5041,3419
5043,6565
5044,9254
5045,6857
5046,12140
5047,3841
5048,14781
5049,8372
5051,13587
5052,15554
5053,10844
5054,4392
5055,6961
5056,8907
5057,6442
5058,8586
5060,3100
5062,5201
5063,9413
5064,13591
5065,5678
5066,6781
5067,7832
5069,10703
5070,13727
5071,7408
5073,11911
5074,5403
5075,13469
5076,11270
5077,6152
5078,12452
5079,10844
5080,8216
5081,13626
5082,7084
5083,7575
5084,6781
5085,6478
5086,2385
5087,9385
5088,5048
5089,5058
5090,11269
5091,7363
5092,11762
5093,15764
5094,10262
5095,10919
5097,11883
5098,3847
5099,5678
5100,8662
5101,12898
5102,4423
5103,8991
5104,5409
5105,6442
5106,9941
5107,6494
5108,7198
5109,7110
5110,11087
5111,4804
5112,4823
5113,14151
5114,10791
5117,3687
5118,13307
5119,2050
5120,10197
5121,4668
5122,4990
5123,4049
5124,7933
5125,4049
5126,6645
5127,8040
5128,8098
5129,10262
5130,12284
5132,4990
5133,12568
5134,11841
5137,13067
5138,5277
5139,13879
5140,4174
5141,10178
5142,13882
5143,4878
5144,4668
5146,7005
5147,12898
5148,9929
5149,14714
5150,6094
5151,16736
5152,7229
5153,8882
5154,10197
5155,4804
5156,13628
5157,6216
5159,11936
5160,3859
5161,8586
5163,6628
5164,10151
5165,11467
5166,7010
5167,7229
5168,8033
5169,7229
5170,6911
5171,14300
5172,13033
5173,3943
5174,6205
5175,14871
5176,5678
5177,16108
5179,3311
5180,4174
5181,4823
5182,8425
5183,7229
5184,5281
5186,13797
5187,4823
5188,7258
5190,13899
5191,10844
5192,14151
5193,15147
5194,3898
5195,6818
5196,14781
5197,5192
5198,14441
5199,14151
5200,4226
5201,13381
5202,10678
5203,12242
5204,4995
5205,10262
5206,3841
5207,9663
5208,5224
5209,14533
5210,2017
5211,5769
5212,11622
5213,4823
5214,7832
5215,9001
5216,2754
5217,7229
5218,6937
5219,13033
5220,3625
5221,13292
5223,3841
5224,2227
5225,6171
5226,10676
5227,13014
5228,2754
5229,8367
5231,4174
5232,9794
5233,10486
5234,15058
5235,4804
5237,8855
5238,8372
5239,4050
5240,7229
5241,2385
5242,3898
5243,6860
5244,6749
5245,15107
5246,10368
5247,7832
5248,2385
5249,4804
5251,6416
5252,10262
5253,14714
5254,7646
5255,7480
5256,11982
5257,8309
5258,13344
5259,4227
5260,9706
5261,2017
5262,6442
5263,8016
5264,5298
5265,4878
5266,10262
5267,4176
5268,5883
5269,12717
5270,3850
5271,3597
5272,2175
5273,7080
5274,8849
5275,9899
5276,4878
5277,7787
5278,3597
5279,5281
5280,9345
5281,6442
5282,6838
5283,3597
5284,3173
5285,13377
5286,9314
5287,9856
5288,8372
5289,7064
5290,4804
5291,13029
5292,7640
5294,4441
5295,12898
5296,7064
5297,10844
5298,4174
5300,3625
5301,3419
5302,3850
5303,12802
5304,9748
5305,6104
5306,3943
5307,7514
5310,8892
5311,9794
5312,4423
5313,10844
5314,15554
5315,11982
5316,4049
5317,5618
5318,13591
5319,9508
5320,3543
5321,7229
5322,4668
5323,14388
5324,10844
5325,7690
5326,13067
5327,1965
5329,10203
5330,15149
5331,9345
5332,2017
5333,9345
5334,6528
5335,15603
5336,13376
5337,5583
5339,10651
5340,7594
5341,6857
5342,4423
5343,13344
5344,3971
5347,15077
5348,6121
5349,5755
5350,4487
5351,5158
5352,8586
5353,3100
5354,3210
5355,12373
5356,15135
5357,13292
5358,2017
5359,10919
5361,3543
5362,2228
5363,8236
5364,11410
5365,15129
5366,3514
5367,13469
5368,3943
5369,7608
5370,6961
5371,12042
5373,9586
5374,3543
5376,8781
5377,5192
5378,6442
5379,15554
5380,10844
5381,2754
5382,14067
5383,5140
5384,8330
5385,5678
5386,11087
5388,16000
5389,3573
5390,7670
5391,12819
5392,4878
5393,11507
5394,8759
5397,10262
5398,6007
5399,3858
5400,6412
5401,6245
5402,9968
5404,8855
5405,10844
5406,3597
5408,13817
5409,11602
5411,14151
5412,3943
5413,10844
5414,2753
5415,14714
5416,9646
5417,15554
5418,13261
5419,11087
5420,11507
5421,9424
5422,4937
5423,3257
5424,4823
5425,5277
5426,3873
5427,10844
5428,7198
5429,6094
5430,3943
5431,3943
5432,12681
5433,5613
5434,3873
5435,12898
5436,15129
5437,3911
5438,6015
5440,5073
5441,4326
5443,8040
5444,7229
5445,3943
5446,14195
5447,13292
5448,4174
5449,16736
5450,5198
5451,15058
5452,5073
5453,10197
5454,3543
5455,7229
5456,10966
5457,11134
5458,3807
5459,5228
5460,3597
5461,4483
5462,10262
5463,5158
5465,13376
5466,11543
5467,15342
5468,6309
5469,5823
5470,5403
5471,3873
5472,12898
5473,6979
5474,13437
5475,6017
5476,14053
5477,7295
5478,13044
5479,4030
5481,14781
5482,3579
5483,10231
5484,5530
5485,10844
5486,8372
5487,16289
5488,11701
5489,11269
5490,9385
5491,14151
5492,4544
5493,11087
5494,5224
5495,4804
5496,6901
5497,5999
5498,5403
5499,13014
5500,4995
5502,11507
5503,12192
5504,7198
5505,5000
5506,3841
5507,12347
5508,11982
5509,13029
5510,16736
5511,4174
5512,3841
5514,3943
5515,6442
5517,4174
5518,4804
5519,13377
5520,7229
5521,8855
5522,7741
5524,7740
5526,12032
5527,5462
5528,12347
5529,3145
5530,7832
5531,4804
5532,10482
5533,12373
5534,10478
5535,13029
5536,6482
5537,15554
5538,11789
5539,9413
5541,7888
5542,5192
5543,6007
5546,14360
5547,14330
5548,6076
5549,4622
5550,14388
5551,9794
5552,4804
5553,9663
5554,5842
5555,15603
5556,5618
5557,6565
5558,5221
5559,10368
5560,7480
5561,13882
5562,6442
5563,4823
5564,3873
5565,12121
5566,4423
5567,5510
5568,7229
5569,10577
5570,8040
5571,14714
5572,7229
5573,6653
5574,6442
5575,4804
5576,9417
5577,10844
5578,7229
5579,15400
5580,6416
5581,5176
5582,9264
5583,13587
5584,3597
5585,4282
5586,4995
5587,4804
5588,10844
5589,14714
5590,14571
5591,7832
5592,11467
5593,10953
5594,4148
5595,3873
5596,3943
5597,6151
5598,12080
5599,13584
5600,6979
5601,4482
5602,6284
5603,4226
5604,6442
5605,12373
5606,11297
5607,14083
5608,7202
5609,11667
5610,10844
5611,5932
5612,9001
5613,13469
5614,2227
5615,5636
5616,15965
5617,5054
5618,5999
5619,4823
5620,8479
5621,8452
5622,14924
5623,10441
5624,7485
5625,6478
5627,3809
5629,5224
5630,8330
5631,6961
5632,10262
5633,2754
5634,13727
5635,3898
5636,11087
5637,3383
5639,8273
5640,9736
5642,11664
5643,4591
5644,13502
5645,8372
5646,6121
5647,5613
5648,5298
5649,15764
5650,6253
5651,8586
5652,12273
5653,2227
5654,5769
5655,6216
5656,6386
5657,16108
5658,3873
5659,6270
5660,5911
5661,15077
5663,8479
5666,4729
5668,4804
5669,4804
5670,2050
5671,8371
5672,12192
5673,14629
5674,4823
5675,14323
5676,15129
5677,6758
5678,14848
5680,4030
5681,4960
5683,14871
5684,4563
5685,4784
5686,4823
5687,3687
5688,7229
5689,7229
5690,7174
5691,11071
5692,6979
5693,3850
5694,13044
5695,12373
5696,13801
5697,4823
5699,2227
5700,14151
5702,4319
5705,7662
5706,4995
5707,7408
5708,5678
5709,5678
5712,15318
5714,6314
5715,10203
5716,3597
5717,8266
5718,12373
5720,14871
5721,7229
5722,4804
5723,7303
5724,13587
5725,7740
5726,7295
5728,8266
5730,11188
5731,14151
5732,14714
5733,7229
5734,12242
5735,9134
5736,3943
5737,6961
5739,3597
5740,7408
5741,3257
5742,1965
5743,9100
5744,3100
5746,8016
5747,12173
5748,8784
5749,5298
5750,11087
5751,5409
5752,5842
5753,2228
5754,3543
5755,7228
5756,6287
5757,13377
5758,6985
5759,8372
5760,14687
5761,9564
5762,12080
5764,6093
5765,14861
5766,4804
5767,9314
5768,9794
5769,13029
5770,3841
5771,12284
5772,14714
5773,7064
5774,5198
5775,14781
5776,13381
5777,6094
5778,5298
5779,7408
5780,14388
5781,9443
5783,7480
5784,5406
5785,9564
5786,10368
5787,5636
5788,1965
5789,12739
5790,4148
5791,7191
5792,10262
5793,12312
5794,10262
5795,9564
5796,13759
5798,14714
5799,4823
5800,6451
5801,16079
5802,7202
5803,4944
5804,3625
5805,9663
5806,9794
5807,2437
5808,13377
5809,8586
5811,15554
5812,12121
5813,3943
5814,13555
5815,4990
5817,7878
5818,8028
5819,8586
5820,15164
5821,12284
5822,4995
5823,10051
5824,9663
5825,14424
5826,14714
5827,3100
5828,6493
5829,14571
5830,10368
5831,14714
5832,3543
5833,6810
5834,5201
5835,13377
5836,14629
5837,6093
5838,15419
5839,13484
5840,8372
5842,4030
5843,13292
5844,13014
5845,16754
5846,6565
5847,16079
5848,11507
5852,13759
5853,6094
5855,13376
5858,10844
5859,8372
5860,3858
5861,5694
5863,11546
5864,8028
5865,8016
5866,10413
5867,11948
5868,3205
5869,4423
5870,4878
5871,5912
5873,7618
5874,7229
5875,6147
5876,14237
5877,6101
5878,12324
5880,10262
5881,10262
5882,7229
5883,3807
5884,7695
5886,2175
5887,6628
5888,13376
5889,4148
5890,9254
5891,8016
5892,4030
5893,5198
5894,4409
5895,10082
5896,9663
5897,3971
5898,6297
5899,3573
5900,10844
5901,4423
5903,6297
5904,3849
5905,15078
5906,4205
5907,5228
5908,7408
5909,7229
5910,10919
5911,4544
5912,6540
5913,9483
5914,16079
5915,13377
5916,4823
5917,14151
5918,6095
5919,12029
5920,4437
5921,3419
5922,3943
5923,13542
5924,7174
5925,7417
5926,16704
5927,4435
5928,11432
5929,3383
5930,4804
5931,3383
5932,6991
5934,5073
5935,7695
5936,7480
5938,13817
5939,13067
5940,1965
5941,6674
5942,16172
5943,7268
5945,7888
5946,2754
5947,10573
5948,11789
5949,13067
5950,4238
5951,9794
5954,7064
5955,3809
5956,3841
5957,6795
5958,4565
5959,12351
5960,5021
5961,10467
5962,6121
5963,6300
5964,10715
5965,5510
5966,6144
5969,13941
5970,4488
5971,3841
5972,7575
5975,4864
5976,7480
5977,15867
5978,13067
5979,8366
5981,4282
5985,11087
5988,7060
5989,7900
5990,5678
5991,4860
5992,2017
5993,5069
5995,5073
5996,15145
5997,8099
5998,14594
5999,4729
6000,4804
6002,8656
6004,6442
6005,12373
6007,10844
6008,8452
6009,7144
6010,5126
6011,6795
6012,8586
6013,4439
6014,6205
6015,4284
6016,14571
6017,3807
6018,3850
6019,8479
6020,8073
6021,3943
6022,4332
6023,4174
6024,14594
6025,11507
6026,6093
6027,8033
6028,4823
6029,13292
6030,9526
6031,3815
6032,3597
6033,13376
6034,2017
6035,11853
6036,10262
6037,3859
6038,12744
6040,13227
6041,3597
6042,4804
6043,4423
6044,10262
6045,3543
6046,4174
6047,7084
6048,14960
6049,13339
6050,7229
6051,6818
6052,13376
6053,6316
6054,5201
6055,10958
6056,3858
6057,10262
6058,8996
6060,3543
6061,10529
6062,7438
6063,12373
6064,4823
6065,5769
6066,9042
6067,4697
6068,10844
6069,8420
6070,7563
6071,7480
6072,4030
6073,6513
6074,8355
6075,16655
6076,10844
6077,3873
6078,5224
6079,10844
6080,4778
6081,16289
6082,5674
6084,8425
6087,7229
6088,14871
6090,8529
6091,10877
6092,5386
6093,11622
6094,10197
6095,8028
6096,2754
6097,6781
6098,3841
6099,8266
6100,6144
6101,4544
6102,14441
6103,3100
6104,13067
6106,6442
6107,6480
6108,11003
6109,4668
6110,13941
6111,8820
6112,9064
6113,10844
6114,15129
6115,6513
6116,14676
6117,4823
6118,4174
6120,4423
6121,3873
6122,7189
6123,13731
6125,4667
6127,11467
6128,12395
6129,7858
6130,4804
6131,13469
6132,7673
6134,10262
6136,12373
6137,11399
6138,3971
6139,6007
6140,6383
6141,5740
6142,1965
6143,5935
6144,4174
6145,7738
6146,10441
6147,3100
6151,12121
6152,6094
6153,4423
6154,7832
6155,5403
6156,3841
6157,11093
6158,7229
6159,4823
6160,11467
6161,6111
6162,8066
6163,7258
6164,4729
6165,15135
6166,12718
6167,5678
6168,5298
6169,14815
6170,13014
6171,4491
6172,11421
6173,12284
6174,7229
6175,4823
6176,12898
6177,13587
6178,12373
6179,5999
6180,10907
6181,14151
6182,4591
6184,9663
6185,10844
6186,13727
6187,14151
6188,10262
6189,3873
6190,13014
6191,5510
6193,6653
6194,12214
6195,3625
6196,6860
6197,3876
6198,5613
6200,4030
6201,8075
6202,7005
6203,4778
6204,3687
6205,10262
6207,6979
6208,6717
6209,16736
6210,7192
6211,4226
6212,9627
6213,4757
6214,14571
6215,5162
6216,10844
6217,3815
6219,16736
6220,3841
6221,10844
6222,6838
6224,8851
6225,12395
6226,4282
6227,14781
6228,9646
6229,6628
6230,4668
6231,16863
6232,12192
6234,12898
6235,10262
6236,7804
6237,4174
6238,2227
6239,11087
6240,11667
6241,7931
6242,5277
6243,13626
6244,12373
6245,10031
6247,6591
6248,5406
6249,10844
6250,2017
6252,8669
6253,6151
6254,10348
6255,8016
6256,4823
6257,5510
6258,3100
6259,10262
6260,14714
6261,10262
6262,6961
6263,6206
6264,7904
6265,12819
6266,10262
6267,4591
6269,11142
6270,4729
6271,9424
6272,15136
6273,12199
6274,10262
6275,4729
6276,3841
6277,14388
6278,2754
6280,6117
6281,15129
6282,14388
6283,7480
6284,10791
6285,12452
6286,4226
6287,5403
6288,9646
6289,4282
6290,7845
6291,3384
6292,4823
6293,3597
6294,13587
6295,13474
6296,3384
6297,15129
6299,4591
6300,13882
6302,5192
6304,14871
6305,15107
6306,8669
6307,5171
6308,8529
6309,7438
6310,6206
6311,7171
6313,14939
6315,13882
6316,9555
6317,4804
6318,6627
6319,8586
6320,4804
6322,15554
6323,6838
6324,8258
6325,8213
6326,12192
6327,14848
6328,4148
6329,10844
6331,6795
6332,14781
6333,6582
6334,3919
6335,9646
6336,7744
6338,10262
6340,3603
6341,7564
6342,7005
6343,14871
6344,4282
6345,15129
6346,6752
6347,6094
6348,3175
6349,8266
6350,6722
6351,3873
6352,2575
6353,7787
6354,9257
6355,4030
6356,4991
6357,9861
6358,10406
6359,7229
6360,7670
6361,14300
6363,3873
6364,6853
6365,7229
6366,7229
6367,14714
6368,4804
6369,11465
6370,4591
6371,6628
6372,8025
6373,6152
6374,3943
6376,9187
6378,10276
6379,12192
6380,5554
6381,6377
6382,6232
6383,6496
6384,4823
6385,6116
6386,7757
6387,8266
6388,3873
6389,11841
6390,4804
6391,3943
6392,15898
6394,10577
6395,4441
6397,4460
6398,13727
6399,14714
6400,10588
6401,7438
6402,12677
6403,14714
6404,2754
6405,6494
6406,5607
6408,4823
6409,2050
6410,12127
6411,13377
6412,7229
6413,6216
6414,8456
6415,15129
6416,13817
6417,6296
6418,5170
6419,3919
6420,4823
6421,10262
6422,13882
6423,13587
6425,11678
6426,4823
6427,3919
6428,11982
6429,10703
6431,10844
6432,3175
6433,9929
6435,2017
6436,7832
6438,7005
6439,3175
6440,5006
6441,9526
6442,13292
6443,6058
6445,10844
6446,10953
6447,10844
6448,10539
6449,13292
6450,6741
6451,14571
6452,14781
6453,3838
6454,5201
6455,8759
6456,6195
6457,3100
6458,5975
6459,10844
6460,16079
6461,3543
6462,3841
6463,10262
6464,12692
6465,3850
6466,12373
6467,3100
6468,4878
6469,15129
6470,9845
6471,4077
6472,9315
6473,14781
6475,9481
6477,14388
6479,3898
6480,5678
6481,6937
6482,2754
6483,2647
6484,4226
6485,4239
6486,9165
6488,14486
6489,4282
6490,13587
6491,13587
6492,6645
6493,4423
6495,13759
6496,3625
6497,4148
6498,5613
6499,14298
6500,7832
6501,6442
6502,5678
6503,7064
6504,14151
6505,3419
6506,15554
6507,13859
6508,3847
6509,7657
6510,13547
6511,7229
6512,13376
6513,2227
6514,3971
6515,6628
6516,13584
6517,4148
6518,14571
6519,3841
6520,5198
6521,3383
6522,7202
6523,5021
6524,4239
6525,15129
6527,7673
6528,4823
6529,15190
6530,14781
6531,4804
6532,10262
6533,7503
6534,8016
6535,4049
6536,12389
6537,3597
6538,13727
6539,5678
6540,7670
6541,10844
6543,8930
6544,4282
6545,4823
6546,12373
6547,11087
6548,16079
6549,5601
6550,2753
6551,12898
6552,15603
6553,4174
6554,6144
6555,14781
6556,6195
6558,11934
6559,14424
6561,13941
6562,7229
6563,3873
6564,14714
6565,11245
6566,6104
6567,7094
6568,10031
6569,13941
6570,7198
6571,3873
6572,5747
6573,3100
6574,8996
6575,9103
6577,14781
6578,7229
6579,10067
6580,10909
6581,4804
6582,4050
6584,3841
6585,14781
6586,9870
6587,8907
6589,6195
6590,7832
6591,11269
6592,5613
6593,4284
6594,4668
6595,15197
6596,9899
6597,3948
6598,10405
6599,15419
6600,15135
6601,13369
6603,6751
6604,10203
6606,12488
6607,5198
6608,7229
6609,12723
6611,8366
6612,7670
6613,7229
6614,4668
6615,8327
6616,12898
6617,4226
6618,10262
6619,10678
6620,8052
6621,3898
6622,3807
6623,6838
6624,13014
6625,5224
6626,13377
6627,6633
6628,5192
6629,4591
6630,4880
6631,7229
6632,12373
6633,6094
6634,10262
6635,15439
6636,4077
6637,4632
6638,12692
6639,3480
6641,9134
6642,13587
6644,7229
6645,7514
6646,13587
6647,7229
6649,14871
6650,10529
6651,6442
6652,5170
6653,6442
6654,3419
6656,3543
6657,3383
6658,9181
6659,11087
6660,7229
6661,11249
6662,16736
6663,10262
6664,10262
6665,5678
6666,8307
6667,7690
6668,16704
6672,4227
6673,3943
6674,7229
6675,8610
6676,7303
6677,10972
6678,7670
6679,8372
6680,6628
6681,10262
6682,14178
6683,8518
6684,13376
6685,8452
6687,1965
6688,10368
6689,11467
6690,14781
6691,9535
6692,2050
6693,10368
6694,10031
6695,4491
6696,7229
6697,11401
6698,3597
6699,7927
6700,4174
6701,10203
6702,8610
6703,5769
6704,5644
6705,5769
6706,7229
6707,4226
6708,4588
6709,4995
6710,5406
6711,3873
6713,5158
6714,8040
6715,10844
6716,4667
6717,5678
6718,12513
6719,8016
6720,3543
6721,5963
6722,14781
6724,3210
6725,9134
6726,10919
6727,4575
6728,5601
6729,14151
6730,10151
6731,5403
6732,6147
6733,4804
6734,8371
6735,13014
6736,3383
6737,7298
6738,4544
6739,15147
6740,10782
6741,6027
6742,10919
6744,3943
6745,12898
6746,6628
6748,12698
6749,10794
6750,6416
6751,4622
6752,3943
6753,4508
6754,8452
6755,13437
6756,11982
6757,10844
6758,15129
6759,14714
6760,6093
6761,5307
6762,10188
6763,14571
6764,10976
6765,10844
6766,4488
6767,8582
6768,10262
6769,8662
6770,4777
6771,2071
6772,11087
6773,5228
6774,12996
6775,16736
6776,13941
6777,9166
6779,4405
6780,12121
6781,6121
6782,14388
6783,11467
6784,13817
6785,3100
6786,8266
6788,3943
6789,12327
6790,4049
6791,3573
6792,4409
6794,4174
6795,4030
6796,4082
6798,6163
6799,6540
6800,4649
6801,10262
6802,5613
6803,6144
6805,7608
6806,7198
6807,13941
6808,10368
6809,3543
6810,4462
6811,8005
6813,12121
6814,8918
6815,8891
6816,10203
6817,8073
6818,11237
6819,13376
6820,6513
6821,13731
6822,7064
6823,16736
6824,8586
6825,11789
6826,5224
6827,6834
6828,6316
6830,4384
6831,5644
6833,13377
6834,10090
6836,4878
6837,2227
6838,6442
6839,3257
6840,7229
6841,15164
6842,10067
6843,5674
6845,7144
6846,6094
6847,4050
6848,3859
6850,7731
6851,12692
6852,11307
6853,8586
6854,5746
6855,13378
6856,7486
6857,7298
6858,7005
6859,4804
6860,16162
6861,3419
6862,5192
6863,4409
6864,7229
6865,5397
6866,6542
6867,5281
6868,8266
6869,10262
6870,11105
6871,4544
6872,4960
6873,16736
6874,13377
6875,2227
6876,3100
6877,3100
6878,3873
6879,5232
6880,3359
6881,6144
6882,7725
6883,4441
6885,8529
6886,14973
6887,14571
6888,3257
6889,11087
6890,3873
6891,4423
6892,11753
6893,14571
6894,8475
6895,13941
6896,16079
6897,13399
6899,14714
6900,3383
6902,5944
6903,9663
6904,7740
6906,7229
6907,4174
6908,5170
6909,15135
6910,4649
6911,4668
6912,7480
6913,6121
6914,15129
6915,7452
6917,7648
6918,3925
6919,3597
6920,8586
6922,9646
6923,4668
6924,10203
6925,7932
6926,7893
6927,13029
6929,3574
6930,8759
6931,13502
6932,6528
6933,6017
6934,5613
6935,8040
6936,5694
6938,5192
6940,13817
6941,14714
6942,3597
6943,6121
6944,11642
6945,15764
6946,4804
6947,13223
6948,3858
6949,6795
6950,8327
6951,8907
6952,7095
6953,6902
6954,13029
6955,8372
6956,10844
6957,4384
6958,12121
6960,6860
6961,11241
6962,13759
6963,4226
6964,9274
6965,12192
6966,4804
6968,10262
6969,3175
6970,12898
6971,9564
6973,15187
6975,4804
6976,6300
6977,3873
6978,5224
6979,5228
6980,8065
6981,4441
6982,7354
6983,6094
6984,7064
6985,13292
6986,13376
6988,7480
6989,5069
6990,3257
6992,16704
6993,11432
6994,4307
6995,13029
6996,3100
6998,3841
6999,4030
7000,10441
7002,10262
7003,7229
7004,8033
7005,6818
7006,7485
7007,3971
7008,3597
7009,5678
7010,8366
7011,11753
7012,3841
7013,9345
7014,15107
7015,9646
7016,10262
7017,8456
7018,3841
7019,12537
7020,4804
7021,7005
7022,13587
7023,4050
7024,4148
7025,3850
7026,4591
7027,8016
7028,4804
7030,7006
7031,14015
7032,11087
7033,5647
7034,8745
7035,8016
7036,7202
7038,9646
7039,3100
7040,4148
7041,4823
7042,3841
7043,13014
7045,2575
7047,4174
7048,7870
7049,7934
7050,11360
7051,6442
7052,10262
7053,6732
7054,4668
7055,6258
7056,16108
7057,14871
7058,4483
7060,9946
7061,6027
7062,10262
7063,10844
7064,8586
7065,6015
7066,4990
7067,10844
7068,13377
7069,12257
7070,4804
7071,10008
7072,3597
7073,3419
7074,16289
7075,10844
7076,9526
7077,8849
7078,6121
7079,12347
7080,5613
7082,14848
7083,4995
7084,4591
7085,4462
7086,12898
7087,12032
7088,13029
7089,3543
7090,8851
7091,14714
7092,3841
7093,7531
7094,7845
7095,9663
7096,5678
7097,5780
7098,3841
7099,7174
7103,7662
7104,11281
7105,6117
7106,4423
7107,9416
7108,6961
7109,13376
7110,4239
7111,13727
7112,13067
7113,6961
7115,8784
7116,13941
7117,15058
7118,6451
7119,13014
7121,6922
7122,7229
7123,13587
7125,4282
7126,12284
7128,6741
7129,3943
7131,8586
7132,5117
7133,13376
7134,5298
7135,4632
7136,13014
7137,12649
7138,6303
7139,11560
7140,4823
7141,7031
7142,4423
7143,10975
7144,3873
7145,4107
7146,11087
7147,10529
7148,6138
7149,13817
7150,6093
7151,5678
7152,7893
7153,6121
7154,4544
7155,14714
7156,14388
7157,16108
7158,12402
7159,12384
7160,6094
7161,5276
7162,4804
7163,11281
7164,6068
7165,7229
7166,6628
7167,13502
7168,14086
7169,4959
7170,16376
7171,4804
7172,13817
7173,7229
7174,3859
7175,13899
7176,6628
7177,10123
7178,3873
7179,13339
7180,14714
7181,12692
7182,5281
7183,10368
7184,13377
7185,15129
7186,6961
7187,10844
7188,13759
7190,3807
7191,3943
7192,13941
7193,8586
7194,6245
7195,13067
7196,14871
7197,13377
7198,12373
7199,14231
7200,1965
7201,14924
7202,4174
7203,4725
7205,11444
7206,7202
7207,4030
7208,9535
7209,8586
7210,8586
7211,3625
7212,8055
7213,3100
7214,5699
7215,15129
7216,9187
7217,11732
7218,3841
7219,9794
7220,12198
7221,14571
7222,5755
7223,14151
7224,5613
7225,13067
7226,12557
7227,14714
7228,4544
7229,10441
7230,4107
7231,4990
7233,12856
7234,7893
7235,6688
7236,5963
7237,3419
7238,2228
7239,2575
7240,13292
7241,4823
7242,9899
7243,14120
7244,15284
7245,12192
7246,13428
7247,3543
7250,8372
7251,6144
7252,8586
7253,4282
7254,16079
7255,3175
7256,15764
7257,4784
7259,13014
7260,14714
7261,9564
7262,8991
7263,4804
7264,12242
7265,4148
7266,8586
7267,11627
7268,7064
7270,10262
7271,5678
7272,6151
7273,14067
7274,11936
7275,6327
7277,10651
7278,4668
7279,5430
7280,7229
7281,6314
7282,7120
7284,3841
7285,3841
7286,7480
7287,10676
7288,4423
7289,9709
7290,7198
7291,14848
7292,1965
7293,9134
7294,7485
7295,6442
7296,15812
7297,11185
7298,3175
7299,8452
7300,10262
7301,5228
7302,9314
7303,15812
7304,14151
7305,3625
7307,10262
7308,10844
7309,12384
7310,11822
7312,7640
7313,14781
7314,4377
7315,5298
7316,2227
7317,10407
7318,11507
7319,5458
7320,3943
7322,9397
7323,3841
7324,7229
7325,4823
7327,7174
7328,6985
7330,8073
7331,9417
7332,8372
7333,14408
7334,5678
7335,5694
7336,8586
7337,11087
7338,4823
7339,5583
7340,11869
7341,4823
7342,12373
7343,7268
7345,10368
7346,3384
7347,3847
7348,6093
7349,13547
7350,7120
7353,4226
7354,10844
7355,4668
7357,6300
7358,13882
7359,4668
7360,4174
7361,2754
7362,2754
7363,4668
7364,4804
7366,7933
7367,3543
7368,13029
7369,13731
7370,4804
7371,4148
7372,5164
7373,12192
7374,15078
7375,4268
7376,5769
7378,3815
7379,9663
7380,4823
7381,13628
7382,7451
7383,7229
7385,3858
7386,8586
7387,14781
7388,13039
7389,5613
7390,7305
7391,10262
7392,15385
7393,11134
7394,7229
7395,6860
7396,15554
7397,8066
7398,6493
7400,13344
7401,12395
7403,6938
7404,4460
7405,6461
7406,7870
7407,12395
7408,8372
7410,6857
7411,4668
7412,3100
7413,4991
7414,4804
7415,11134
7416,7363
7417,2227
7419,9646
7420,6526
7421,8040
7423,5636
7424,5678
7426,16287
7427,9476
7428,13007
7429,7514
7430,5618
7431,3911
7432,4823
7434,14571
7435,8372
7436,3971
7437,10262
7438,3597
7440,14714
7441,12898
7442,12287
7443,7189
7444,6961
7446,10368
7447,13292
7448,9064
7449,14388
7450,4423
7451,8839
7452,9870
7453,12819
7454,7670
7455,8066
7456,16697
7457,5684
7458,11200
7459,13759
7460,5694
7462,6573
7463,6393
7464,5224
7465,5198
7466,13941
7467,6300
7469,13587
7470,13587
7472,16439
7473,14781
7474,10262
7476,4823
7477,5911
7478,13377
7479,6145
7480,1965
7481,6442
7482,13941
7483,13002
7484,8907
7486,3873
7487,14781
7488,5228
7489,7652
7490,7229
7491,4226
7492,12373
7493,6860
7494,10844
7495,12373
7496,4238
7497,13502
7499,3782
7500,14781
7501,4804
7502,6860
7503,6117
7504,8016
7505,6216
7506,8016
7507,11087
7508,5678
7509,7229
7510,6860
7511,10407
7512,13797
7513,6961
7514,10624
7515,14300
7516,5418
7517,15129
7518,3543
7519,1965
7520,4282
7522,5162
7523,10262
7524,15237
7525,12524
7526,10844
7528,8309
7529,4106
7531,5177
7532,10844
7533,4823
7535,13381
7536,4332
7538,12803
7540,3873
7541,10844
7542,6144
7543,7229
7544,12767
7545,7229
7546,7354
7547,4049
7548,13377
7549,6144
7550,8266
7552,12192
7555,15136
7556,10262
7558,2228
7559,3597
7560,3841
7561,9899
7562,13587
7563,4409
7564,2227
7565,4937
7566,9319
7567,14151
7568,14714
7569,7229
7570,11982
7571,4990
7572,9103
7573,6300
7574,14441
7575,8366
7576,7317
7577,3898
7578,14714
7579,3841
7580,15373
7582,7155
7583,15200
7584,7832
7585,6593
7587,15400
7588,6528
7590,6162
7593,13882
7594,6216
7596,4544
7597,3384
7598,4804
7599,10031
7600,8586
7601,7832
7602,10027
7603,2754
7604,12767
7605,8777
7606,7870
7607,9416
7608,2175
7609,9646
7610,13731
7613,11467
7614,8879
7615,6795
7616,14871
7619,15170
7620,7001
7621,8576
7622,15129
7623,4823
7624,10844
7625,8085
7627,10203
7628,12898
7630,7503
7631,14714
7632,5054
7633,8722
7635,5228
7636,3100
7637,6541
7638,8266
7639,6628
7640,9663
7641,9899
7642,6223
7643,5380
7644,7740
7645,9899
7646,5198
7647,9254
7648,14388
7650,13591
7651,8479
7652,10844
7654,6938
7655,9646
7656,6593
7657,9125
7658,7670
7659,15894
7660,5608
7661,5842
7662,4466
7663,3597
7664,13555
7665,10979
7666,15129
7667,5674
7668,5613
7669,5725
7670,10067
7671,4885
7673,8258
7674,7408
7675,10844
7677,5894
7678,4435
7679,4050
7680,4174
7681,5957
7683,7303
7684,6117
7685,6015
7686,11642
7687,7564
7688,4823
7689,6442
7690,6327
7691,7416
7692,14588
7693,7198
7694,8669
7695,6093
7696,15107
7697,8372
7698,7064
7699,12732
7700,3597
7701,7303
7702,10991
7703,10321
7704,3943
7705,5636
7706,4268
7707,13014
7708,13727
7709,4174
7710,10493
7711,6794
7712,7228
7714,7038
7717,9663
7718,4483
7719,5769
7720,4804
7721,4145
7722,4880
7723,3543
7725,7191
7726,5403
7727,15812
7728,4544
7729,11410
7730,4332
7731,4544
7732,4226
7733,4145
7734,14848
7735,3419
7736,7229
7737,5830
7738,10972
7739,14231
7740,10844
7741,11468
7742,4409
7743,13376
7744,4077
7745,13067
7746,4823
7747,14817
7748,4326
7749,15603
7752,15629
7753,6117
7755,13377
7757,3419
7758,14960
7759,11185
7760,8372
7761,10262
7762,11542
7763,4649
7764,5678
7765,3971
7766,7878
7767,13014
7768,4423
7769,10262
7770,4668
7771,10844
7772,10368
7773,4591
7774,7191
7775,9794
7776,3943
7777,13626
7778,9663
7779,6093
7780,11717
7781,14781
7782,7229
7783,3898
7784,14714
7785,7005
7786,3597
7787,4413
7788,15353
7789,3943
7790,6297
7791,6144
7792,12257
7793,15129
7794,10368
7795,13029
7796,9416
7797,6934
7798,11467
7799,6795
7800,5198
7802,7927
7803,4462
7804,5048
7806,15411
7807,4462
7808,5678
7809,15764
7811,3100
7812,7229
7813,4804
7814,5769
7815,4384
7817,7832
7818,7082
7819,6300
7820,14571
7821,3943
7822,6878
7823,1965
7824,9187
7825,4441
7826,10067
7827,5054
7828,7005
7829,12121
7830,5912
7831,5192
7832,3597
7833,8016
7834,2050
7835,4839
7836,4049
7837,6216
7838,3841
7839,3815
7840,5176
7841,2017
7843,11598
7844,13014
7845,10262
7846,9916
7847,14231
7848,7229
7849,6316
7850,4384
7852,4332
7853,8907
7854,4804
7855,15407
7856,12898
7857,6883
7858,3543
7859,4284
7860,2437
7861,4174
7862,14781
7863,14960
7864,5769
7865,4812
7866,9345
7867,4864
7868,7295
7869,10231
7870,14714
7871,12032
7872,4544
7873,10844
7874,12476
7877,6734
7878,7832
7879,11516
7880,3850
7882,3873
7883,4160
7884,7670
7885,10031
7886,11150
7887,9134
7888,4423
7889,3807
7891,4423
7892,4823
7894,15342
7895,10844
7896,7480
7897,4227
7898,7690
7899,8224
7900,5823
7901,9134
7903,8366
7905,14781
7908,10262
7909,12739
7910,7575
7911,11633
7912,10368
7913,13817
7914,14231
7915,6992
7916,6961
7917,16263
7918,14714
7919,7740
7920,11087
7921,14486
7922,6442
7924,5320
7926,4174
7927,8151
7929,6961
7930,4441
7931,2753
7932,3841
7933,5022
7934,5201
7935,6934
7936,5699
7937,5088
7938,8601
7939,11319
7940,3838
7941,14388
7943,5177
7944,14714
7945,13626
7946,13381
7948,6653
7949,14781
7950,11458
7951,10844
7952,3342
7953,10262
7954,5277
7955,4441
7956,3543
7957,13912
7958,9315
7959,10262
7961,5277
7962,6117
7963,5734
7964,8627
7965,6795
7966,5601
7967,7229
7968,8330
7969,4823
7972,12898
7974,4995
7975,5298
7977,5177
7979,10844
7981,7255
7983,8707
7984,10262
7985,13067
7986,10262
7987,4460
7988,14571
7989,10178
7990,7718
7991,16376
7992,5678
7993,9103
7994,14714
7995,5583
7996,4823
7997,4544
7998,8759
7999,6152
8000,11087
8001,11432
8002,3815
8003,8662
8005,4860
8007,12395
8008,6528
8009,6314
8010,6270
8011,14714
8012,9359
8013,6724
8014,10262
8015,4668
8016,6610
8017,3597
8018,4462
8021,4804
8022,6795
8024,12751
8026,7975
8027,14781
8028,14781
8030,10844
8031,3502
8032,13292
8034,12475
8035,14714
8036,8283
8037,11087
8038,10844
8039,5883
8040,7664
8041,12898
8042,10262
8043,13067
8044,4462
8045,5678
8046,14388
8047,14714
8048,4804
8050,11134
8051,11647
8053,12192
8054,6121
8055,13759
8056,6427
8057,3943
8058,4284
8059,8147
8060,3502
8061,3342
8062,5734
8063,8224
8064,9748
8066,7102
8067,13727
8068,11087
8069,10368
8070,7229
8071,10262
8072,4823
8073,4804
8074,10112
8075,7229
8077,14714
8078,8907
8079,7229
8081,6838
8082,10406
8083,12395
8084,10203
8085,4049
8086,13401
8087,9968
8088,8040
8089,6427
8090,5277
8091,2228
8092,5613
8093,6669
8094,11982
8095,10118
8096,4148
8098,13587
8100,10368
8101,3175
8102,3597
8103,6733
8104,12192
8105,15129
8106,4668
8107,10262
8108,15129
8109,7878
8110,8040
8111,12373
8113,5277
8114,7888
8115,9001
8116,4049
8117,4326
8118,4777
8119,6838
8120,6582
8121,10262
8122,10873
8123,10262
8124,4148
8125,6494
8128,12898
8129,7740
8130,7452
8131,4160
8132,4823
8133,13486
8134,4544
8135,10975
8136,3858
8137,15129
8138,10975
8139,6752
8140,3807
8141,13832
8142,4544
8143,14571
8144,11982
8145,8040
8146,11913
8147,5162
8149,8586
8150,10197
8152,7120
8154,10262
8155,11507
8156,3943
8158,7166
8159,10262
8160,6152
8161,10703
8162,4030
8164,3850
8165,14388
8166,4744
8167,10262
8168,7591
8169,6152
8170,15025
8171,6795
8173,3850
8174,6643
8175,10844
8176,10441
8177,13377
8179,3943
8180,9443
8181,13014
8183,5583
8184,13817
8185,6953
8186,6637
8187,4174
8188,8140
8189,13817
8190,10262
8191,6496
8192,10112
8193,10467
8194,6206
8196,4804
8197,5048
8198,4050
8199,3919
8200,11841
8201,5065
8203,3419
8204,14960
8205,3943
8206,14323
8207,11752
8208,7677
8209,14067
8210,14781
8211,11467
8212,16263
8213,12373
8214,7005
8215,7580
8216,10441
8217,7229
8218,6093
8219,3873
8220,10262
8221,13364
8222,12373
8223,1965
8224,7005
8225,4441
8226,11098
8227,7318
8228,12767
8229,10654
8230,6297
8231,11265
8232,11972
8233,13587
8234,4804
8235,8366
8236,8366
8237,10697
8238,15129
8239,3858
8240,7229
8241,6937
8242,14714
8243,9134
8244,10577
8245,14388
8246,8991
8249,5583
8250,10840
8251,14300
8252,5515
8253,10844
8254,11134
8255,6121
8256,10676
8257,14781
8258,4544
8259,4632
8261,4409
8262,3873
8263,4030
8264,3807
8265,12140
8266,4096
8267,14300
8268,6007
8269,4174
8270,3597
8271,9548
8272,8714
8274,10368
8276,7670
8277,8073
8278,13817
8279,3574
8280,15554
8281,6692
8282,1965
8283,2227
8284,3597
8285,14714
8286,4622
8287,15129
8288,5277
8289,11667
8291,11467
8292,7480
8293,3419
8294,5684
8295,6218
8296,6959
8297,4878
8298,12219
8299,12384
8300,7202
8301,4174
8302,3100
8303,7832
8304,6723
8305,10697
8306,3841
8307,9920
8308,12649
8309,6093
8310,15129
8311,4544
8312,5170
8313,2754
8314,3100
8316,7198
8318,5111
8319,10441
8320,10261
8321,6297
8322,12192
8323,3943
8324,16274
8325,12898
8326,3311
8327,9103
8328,4148
8329,5224
8330,4804
8331,3597
8332,4804
8333,4995
8334,3873
8335,10262
8336,3210
8337,6276
8338,9134
8339,11087
8340,13941
8341,5201
8342,6171
8343,5964
8344,15129
8346,4030
8347,10586
8349,9564
8350,8355
8351,6795
8352,10671
8353,10178
8355,3100
8356,12646
8357,7894
8358,3943
8359,7575
8361,6216
8362,6147
8363,6979
8364,6094
8365,12242
8366,9416
8367,7107
8368,13292
8369,7295
8370,4423
8371,5694
8372,8147
8373,13377
8374,13502
8375,13764
8376,12692
8377,4804
8378,7064
8379,14924
8380,6565
8382,7725
8383,11281
8384,3210
8385,6117
8386,10262
8387,3943
8388,12576
8389,7452
8390,14781
8391,8996
8392,11563
8393,4777
8394,4174
8395,3841
8396,13775
8397,5117
8398,5678
8399,5177
8400,5975
8401,6860
8402,4804
8403,13377
8404,8372
8405,7933
8406,4049
8407,11423
8408,10844
8410,5621
8411,5228
8413,4392
8414,8040
8415,4483
8416,12760
8417,7229
8418,5403
8419,7934
8420,6945
8421,4423
8422,8040
8423,11399
8424,7202
8425,13727
8426,4957
8427,10262
8428,2017
8429,12242
8430,10875
8431,10844
8432,4409
8433,6987
8434,12074
8435,7354
8437,5201
8438,9663
8439,6094
8440,7202
8441,11982
8442,7832
8443,7817
8444,12373
8445,10844
8447,9646
8448,3841
8449,4957
8450,4148
8452,8834
8453,5241
8454,7989
8455,5883
8456,6857
8457,5822
8458,10262
8459,4995
8460,4991
8461,16736
8463,6442
8464,5170
8465,4377
8466,9564
8467,3573
8469,3383
8471,7229
8472,9134
8473,3100
8474,13727
8475,8452
8476,14714
8477,7280
8479,2754
8480,4409
8481,5021
8482,8040
8483,10454
8484,10197
8485,5228
8486,14714
8487,7276
8488,7731
8489,6857
8490,6961
8491,7791
8492,4777
8493,16289
8494,12681
8495,4823
8497,5406
8498,9315
8499,7480
8500,14815
8501,12173
8502,7664
8504,8837
8505,10844
8506,14571
8507,6093
8508,7514
8509,6015
8510,12898
8511,8792
8512,4823
8513,3919
8514,3597
8515,2017
8516,3383
8517,1965
8518,10262
8520,14178
8521,5636
8522,4823
8523,7480
8524,14571
8525,13999
8526,14151
8527,6121
8528,3543
8529,10651
8531,6582
8532,15544
8533,8574
8534,4784
8535,6818
8538,10368
8539,8073
8540,4778
8541,13941
8542,10844
8543,10844
8544,3841
8545,10844
8546,8728
8547,11467
8548,15078
8549,7198
8550,8372
8551,7308
8552,4414
8553,5224
8554,7832
8555,6860
8556,15136
8558,8665
8560,3841
8561,13377
8562,16914
8563,10262
8564,5386
8565,14388
8566,15129
8567,6442
8568,10368
8570,10262
8571,7408
8572,13587
8573,8891
8574,5883
8575,10262
8576,10844
8577,14781
8578,6297
8579,4409
8580,12383
8581,2017
8582,12308
8583,3384
8584,9134
8585,7464
8586,6093
8587,15237
8588,4995
8589,6934
8590,13784
8591,4409
8592,15898
8594,2017
8595,11098
8596,6794
8597,10844
8599,6094
8600,4565
8602,9653
8604,6961
8605,9794
8606,13377
8607,12898
8608,7155
8609,13377
8610,4668
8611,8110
8612,4544
8614,14781
8615,5969
8616,2017
8617,14151
8618,13731
8619,15400
8622,14069
8623,2470
8624,4804
8625,9029
8626,4804
8627,15129
8628,2754
8629,13364
8630,6933
8631,15129
8632,11200
8633,3210
8634,8040
8635,10919
8636,6442
8637,4729
8638,6442
8639,3841
8640,10441
8641,13587
8642,11467
8643,7295
8644,3597
8645,7787
8646,14871
8647,3540
8648,6442
8649,3383
8650,4409
8651,3850
8652,8018
8653,11467
8654,4668
8656,3625
8657,5989
8658,4423
8659,9564
8661,4145
8662,4804
8663,6938
8664,14815
8665,15077
8666,13014
8667,11201
8668,12692
8669,9646
8670,16079
8672,6795
8673,3100
8674,15851
8675,3687
8676,4990
8677,15554
8678,9526
8679,6015
8680,10676
8681,12898
8683,13378
8684,4174
8685,9103
8686,3850
8687,6216
8688,8610
8689,10539
8690,6674
8691,7618
8692,3943
8693,11913
8694,6860
8695,13292
8697,13014
8699,6297
8700,4332
8701,5674
8702,10711
8703,11467
8704,12434
8705,5201
8706,4878
8707,13014
8708,3597
8711,12898
8712,3943
8713,7198
8714,4963
8715,12649
8717,12373
8718,13502
8719,11622
8720,5515
8721,9314
8722,11789
8723,4823
8724,10467
8725,7408
8727,3841
8728,3543
8730,9103
8731,10844
8732,4823
8733,4482
8735,7931
8736,9663
8737,10368
8738,10151
8739,3543
8740,7530
8741,6805
8742,3419
8743,7120
8744,14151
8745,3100
8746,12121
8747,2017
8748,2647
8749,6147
8750,14237
8751,13044
8752,15554
8753,4423
8754,8372
8757,8839
8759,11432
8760,4319
8763,9564
8764,14781
8765,7229
8766,5684
8768,5515
8770,9314
8771,3873
8772,4807
8773,14848
8774,6171
8775,1965
8776,10539
8777,4483
8778,8371
8779,15764
8780,10844
8781,11642
8782,4423
8783,4878
8784,2227
8786,4107
8788,10262
8789,4544
8790,6144
8791,5706
8792,5853
8793,10118
8794,14687
8795,9254
8796,10368
8797,14571
8798,7229
8799,6093
8800,16023
8801,3597
8802,8824
8803,7060
8804,14231
8805,4544
8807,6565
8808,3597
8809,7480
8810,9922
8811,7229
8812,14300
8814,10678
8815,9450
8816,4174
8817,4544
8818,5386
8819,15129
8820,6412
8822,7229
8823,4878
8824,3807
8825,12373
8826,14571
8827,10262
8828,10577
8830,3841
8831,8759
8832,7738
8833,7503
8834,5883
8835,12692
8836,4823
8837,2017
8838,8603
8839,5769
8840,12681
8841,3625
8842,8854
8843,2754
8844,8372
8845,10262
8846,10810
8847,3540
8848,8016
8849,6860
8850,6451
8851,13067
8853,10203
8854,4082
8855,13276
8858,4990
8859,10037
8860,14388
8861,7303
8862,12287
8863,10844
8864,4995
8865,9794
8866,4226
8867,7318
8868,8529
8871,9920
8872,7038
8873,4959
8874,5678
8875,7229
8876,7064
8877,4823
8878,14571
8879,4148
8880,13873
8881,10262
8882,15129
8883,6645
8884,4804
8885,5746
8886,5199
8887,4332
8888,6416
8889,12935
8890,7832
8891,8586
8892,5769
8893,8040
8894,12411
8895,8366
8896,7354
8897,13576
8898,11622
8899,12723
8900,13759
8901,6412
8902,6494
8903,5678
8906,10368
8907,14571
8908,7832
8909,14151
8910,7154
8911,5192
8913,6812
8914,13292
8915,4174
8916,11150
8917,5912
8918,8907
8919,8767
8920,12242
8921,6327
8922,3543
8923,15058
8924,11087
8925,13941
8926,7317
8927,15129
8928,9663
8929,5065
8930,8907
8931,4148
8932,13587
8933,10262
8934,12284
8935,14781
8936,9663
8938,10203
8939,13941
8941,10262
8942,3543
8943,3841
8944,15554
8945,10844
8946,12692
8947,3210
8948,9601
8949,13377
8950,11134
8951,8055
8952,12242
8954,2753
8955,3311
8956,4226
8958,12524
8959,3847
8960,12681
8961,13882
8963,10844
8964,12547
8965,14178
8966,14871
8967,10368
8968,15078
8969,4804
8970,3873
8971,3841
8972,5457
8973,14781
8974,15764
8975,4668
8976,9564
8977,7191
8978,15764
8979,14388
8980,6540
8981,3625
8982,8266
8983,10944
8984,5073
8985,9134
8986,8085
8989,14871
8991,8016
8992,12284
8993,7005
8994,4804
8995,6827
8996,3100
8997,2759
8998,13067
8999,3898
9000,10368
9001,4273
9002,3311
9003,15136
9004,6601
9006,9314
9007,6386
9008,13377
9009,5678
9010,4483
9011,12898
9012,7648
9013,14571
9014,4049
9015,11728
9016,3873
9017,7480
9018,8541
9020,3597
9021,13817
9022,14571
9023,6853
9025,3573
9027,13014
9028,13797
9029,12358
9030,14086
9031,3597
9032,13731
9033,12898
9034,14714
9035,5403
9036,5769
9037,5620
9038,5000
9039,7480
9041,13727
9042,14388
9043,13033
9045,6769
9046,5192
9047,4995
9048,8580
9049,7480
9050,5198
9051,10368
9052,8040
9054,12849
9056,14571
9057,13502
9058,3332
9059,7354
9060,8073
9061,4049
9063,10975
9064,7038
9065,15554
9066,5228
9067,5636
9068,9653
9069,8586
9070,2017
9073,13292
9075,7952
9076,5883
9077,8016
9078,4174
9079,10696
9080,4878
9081,3971
9082,7198
9084,4423
9085,3841
9086,7154
9087,9929
9088,8266
9089,10877
9090,4804
9091,13587
9092,13611
9093,6628
9094,5601
9095,5583
9096,3943
9097,4777
9098,9663
9099,10368
9100,5883
9101,4804
9102,13383
9103,9646
9105,5192
9106,13376
9107,6477
9108,13727
9110,12819
9111,12395
9112,10262
9113,14781
9114,5678
9115,7804
9117,5198
9118,4049
9119,3383
9120,7174
9123,13584
9124,4107
9125,2071
9126,12373
9128,8529
9129,14571
9131,8016
9132,4804
9133,5118
9134,9663
9136,3419
9137,11087
9138,4174
9139,10262
9141,4668
9142,1965
9143,4049
9144,5195
9145,4804
9146,7648
9147,3850
9148,6121
9149,3540
9150,9134
9152,5277
9153,5073
9154,3841
9155,10877
9157,14151
9158,14237
9159,2754
9160,11306
9161,5192
9162,3687
9163,12192
9164,12898
9165,14924
9166,8479
9167,6943
9168,7354
9169,12192
9170,3943
9171,15129
9172,5403
9173,13882
9174,5678
9175,5403
9176,4878
9177,6494
9178,4777
9179,3625
9181,10262
9183,4174
9184,7485
9187,10697
9188,12373
9189,6381
9192,4823
9194,2227
9195,4545
9196,4148
9197,4148
9199,10262
9200,4030
9201,5000
9202,5264
9203,7229
9204,10577
9206,14714
9208,10203
9209,3782
9210,13014
9211,8073
9212,4804
9213,4864
9214,15135
9215,8366
9216,13292
9217,7171
9218,12121
9219,11753
9220,8064
9222,5277
9223,8016
9224,11342
9225,7594
9226,4483
9227,16263
9228,13243
9229,6478
9230,15764
9231,4647
9232,8016
9233,4145
9234,8055
9236,6038
9237,4107
9240,11458
9241,6152
9243,11982
9244,13941
9245,6938
9248,6093
9249,10885
9250,8907
9251,9663
9252,7160
9253,11269
9254,5678
9255,5678
9256,8907
9257,3210
9258,6961
9259,14815
9261,10919
9262,9069
9263,4649
9264,4823
9265,6528
9267,15654
9269,4804
9270,10368
9271,7673
9272,6015
9273,4804
9274,13941
9275,5162
9276,10657
9277,14781
9278,2754
9279,11474
9280,7757
9281,2228
9282,10405
9283,3419
9284,10262
9285,3100
9287,5683
9289,4544
9290,4050
9291,9187
9292,8452
9293,11668
9295,8073
9296,5620
9297,12739
9298,5989
9299,8891
9300,4544
9304,6838
9305,10943
9306,3943
9307,3573
9308,3841
9309,9646
9310,4729
9312,13941
9313,10844
9314,14231
9315,14714
9316,6460
9318,3943
9319,4775
9320,3841
9321,12284
9322,4804
9323,12819
9324,14714
9325,8040
9326,16840
9327,15554
9328,5752
9329,8452
9330,11761
9331,14848
9332,10368
9334,10262
9335,4668
9336,9103
9337,10262
9338,4525
9339,5228
9341,8040
9342,7438
9343,13135
9344,6015
9345,8283
9346,3543
9347,4148
9348,7657
9349,5276
9350,14151
9351,8040
9352,8378
9353,3543
9354,4823
9355,14388
9356,3543
9357,10844
9358,10844
9359,4957
9360,6442
9361,7480
9362,5073
9363,14781
9364,9646
9365,7851
9366,2175
9367,14424
9368,13014
9369,5177
9370,15135
9371,5228
9373,3543
9374,15129
9375,6093
9376,11087
9377,7408
9378,6534
9379,13029
9380,8016
9381,8528
9384,14067
9385,8016
9386,5510
9387,6241
9388,16142
9389,10919
9390,4804
9391,6979
9392,6094
9393,5176
9394,15136
9395,10031
9397,12681
9398,12402
9399,13759
9400,3597
9401,3383
9402,4668
9404,9187
9405,7530
9406,8026
9407,4319
9408,13376
9409,4174
9410,4668
9411,13062
9412,12898
9413,14714
9414,10991
9415,4030
9416,13029
9417,6800
9419,9794
9420,14388
9421,4148
9423,7893
9424,7229
9425,9930
9427,7229
9428,6216
9429,4282
9430,5054
9431,10262
9432,11410
9433,14571
9434,4692
9435,10919
9436,10844
9437,10844
9438,6094
9439,6741
9440,8372
9441,14067
9442,10236
9443,7480
9444,8386
9445,6795
9446,4409
9447,3597
9448,6961
9449,12692
9450,4307
9451,4030
9452,15957
9453,7832
9454,12954
9456,4049
9457,9134
9458,4409
9459,14781
9460,5228
9461,3597
9462,6795
9463,3807
9464,14781
9465,8372
9466,5000
9467,5403
9468,11600
9469,8476
9470,6593
9471,7648
9472,9345
9473,15129
9474,7268
9475,3210
9476,7295
9477,6442
9478,3809
9479,15119
9480,9069
9481,3943
9482,12534
9483,13714
9485,2227
9487,13941
9488,7832
9489,3419
9490,14151
9491,5073
9492,9922
9493,4752
9494,10197
9495,6961
9497,13587
9498,10262
9499,15107
9500,8452
9501,3100
9502,4823
9503,4483
9504,13243
9505,5684
9506,3205
9507,10262
9508,4823
9509,15554
9510,3943
9511,12080
9512,3383
9513,2437
9514,1965
9515,7832
9516,6442
9518,8016
9519,10199
9520,10842
9521,7005
9522,4409
9523,13364
9524,13377
9525,10262
9526,10844
9527,14571
9529,4943
9531,15129
9534,9140
9535,4409
9536,3419
9537,9646
9540,4563
9541,9412
9542,12898
9543,6216
9544,12898
9545,10262
9546,12526
9548,5678
9549,9918
9550,14781
9552,7276
9553,7064
9554,13062
9555,12537
9557,10262
9558,4878
9559,14714
9560,9134
9561,4823
9562,6093
9563,3597
9564,13727
9565,4174
9566,10262
9567,11789
9568,8586
9571,5678
9572,11924
9574,6478
9575,4226
9576,11532
9577,9340
9578,10368
9579,13626
9580,9663
9581,16389
9582,10197
9583,7594
9584,13817
9585,7229
9586,10368
9587,4282
9588,13292
9589,13764
9590,12681
9591,5198
9592,12615
9593,5644
9594,11087
9595,2227
9596,8016
9597,4885
9598,4174
9599,5162
9600,10262
9601,4049
9603,3419
9604,5073
9605,6069
9606,9709
9608,13029
9609,13937
9610,11349
9612,3597
9613,14388
9615,9663
9616,13014
9617,3943
9618,8845
9619,12173
9620,10262
9621,7242
9622,13292
9623,7708
9624,8040
9625,3597
9626,3841
9628,7173
9629,1965
9630,5054
9631,8855
9634,3919
9635,12242
9638,5645
9639,3597
9640,13587
9641,3597
9642,8879
9643,4319
9644,2050
9645,8040
9646,13584
9647,13014
9648,9345
9650,8266
9651,5678
9652,13377
9653,9345
9654,7191
9655,7845
9656,7229
9657,10981
9658,14178
9659,8784
9660,13941
9661,13067
9662,4995
9663,12488
9664,7870
9665,6094
9666,5608
9667,6112
9668,16736
9669,8452
9670,9314
9671,3850
9672,5963
9674,9564
9675,6610
9676,5226
9677,14231
9678,13376
9679,6674
9680,7408
9681,15170
9682,3597
9683,12778
9684,7229
9685,8016
9686,4804
9687,8016
9688,5645
9690,14151
9691,5406
9692,5567
9693,6171
9694,4423
9695,5177
9696,6795
9697,3625
9698,12373
9699,4963
9700,2227
9701,11200
9702,7174
9704,9856
9705,15170
9706,6442
9708,7229
9709,13033
9710,10703
9711,6297
9712,9314
9713,6138
9714,6838
9716,13377
9717,10975
9718,13817
9720,10197
9721,9663
9722,13727
9723,8330
9724,4823
9725,6206
9726,10877
9727,13817
9728,6478
9729,8577
9730,16079
9731,11150
9732,15077
9733,7064
9734,9663
9735,11552
9736,10262
9737,5899
9738,13376
9739,13817
9740,8610
9741,12373
9742,5673
9743,7927
9744,10262
9745,12373
9748,4823
9749,10262
9750,6388
9751,3898
9752,5177
9753,10844
9754,4077
9755,14231
9756,13250
9757,13817
9758,6205
9759,12819
9760,4591
9761,3841
9762,3597
9763,4174
9764,6216
9766,6152
9767,6937
9769,7005
9770,5678
9771,7013
9773,10539
9774,11841
9775,10509
9776,3597
9778,14086
9779,5883
9780,7618
9782,13994
9783,5073
9784,3383
9785,16108
9786,6795
9787,12681
9788,10262
9790,10037
9791,11789
9792,7378
9793,4823
9794,6478
9795,13014
9796,10844
9797,7408
9798,9646
9799,3597
9800,3873
9801,7870
9802,13344
9803,3100
9804,4441
9805,6171
9806,10953
9807,14214
9808,6093
9811,13259
9813,14781
9814,6206
9815,3841
9816,14714
9817,6093
9818,8016
9820,8586
9821,13611
9822,6704
9823,4226
9824,4651
9825,3873
9826,7222
9827,13727
9828,10141
9829,3625
9830,6442
9831,7229
9832,6752
9833,13759
9834,14408
9835,13381
9837,6218
9838,4174
9839,6117
9840,10703
9841,12692
9842,10539
9843,11134
9844,4777
9846,11966
9847,5277
9849,14714
9850,6144
9851,5911
9852,12080
9853,4423
9854,7618
9855,3383
9856,12646
9857,7670
9858,4804
9859,11087
9860,7229
9861,7050
9862,12681
9863,4098
9864,3543
9865,14151
9866,13339
9867,9663
9868,12898
9869,8603
9870,13044
9871,4622
9872,13062
9873,11622
9874,11087
9875,11789
9876,9663
9878,5797
9879,9526
9880,7229
9881,10877
9882,13942
9883,3383
9884,10262
9885,11201
9886,10262
9887,10231
9888,9134
9889,5645
9890,14714
9892,12173
9893,2227
9894,10529
9895,7202
9896,7886
9897,2017
9898,6171
9899,4050
9900,8479
9901,4282
9902,9345
9904,2754
9905,3919
9906,10368
9907,11654
9908,4239
9909,6674
9910,7198
9911,5930
9912,7229
9913,10408
9914,12488
9915,3540
9916,8529
9917,13376
9918,8855
9919,14781
9920,5684
9921,13029
9922,15129
9923,8576
9925,5678
9926,12557
9927,3858
9928,12373
9929,4049
9931,5510
9932,6216
9933,2050
9934,2754
9935,3850
9936,3540
9940,4632
9941,2753
9944,4804
9945,4823
9946,6152
9947,6216
9948,6016
9949,11622
9950,10151
9951,12273
9952,12410
9954,10262
9955,14323
9956,3210
9957,16863
9958,8937
9960,6104
9961,5511
9962,13759
9964,13067
9965,10262
9967,10929
9968,7229
9969,6451
9970,7295
9971,3943
9972,3573
9973,9181
9976,4647
9977,6314
9978,13376
9979,12284
9980,7229
9981,9627
9982,9258
9983,3873
9984,3841
9985,10486
9987,6496
9988,9627
9989,8366
9990,15318
9991,9923
9992,6077
9993,4667
9994,8099
9995,2385
9996,15965
9997,10844
9998,6121
9999,3625
10000,8475
10001,12898
10002,10851
10003,5704
10004,11598
10005,9149
10006,4145
10007,6195
10008,6979
10009,7276
10010,4760
10011,11982
10012,5277
10013,8372
10014,4226
10015,3597
10016,7005
10017,8018
10018,10577
10019,11507
10021,4160
10022,14714
10023,5678
10024,13873
10025,11264
10026,11134
10027,6151
10028,10844
10030,4995
10031,4174
10032,12841
10035,4423
10036,8586
10037,9663
10038,6069
10039,4667
10040,12373
10041,13941
10042,3175
10043,8372
10044,5613
10045,7144
10046,14571
10047,5277
10048,2759
10049,5192
10050,14714
10051,10336
10053,7064
10054,14441
10057,2753
10058,12898
10059,7229
10060,8603
10061,15129
10063,7452
10064,3971
10065,3943
10066,9165
10067,13014
10068,3625
10069,10262
10070,14388
10071,15058
10072,14882
10073,4591
10074,3841
10075,14781
10076,3841
10077,13377
10078,13014
10079,14848
10080,4145
10081,3850
10082,10413
10083,6104
10084,3943
10085,8529
10086,10262
10088,5192
10089,9663
10090,4632
10091,5073
10092,9526
10093,4423
10094,2227
10095,5403
10096,3858
10098,9663
10099,12819
10100,6883
10101,7198
10102,7801
10103,4823
10105,12121
10107,8662
10108,6017
10109,3859
10110,7564
10111,3919
10112,15129
10114,5443
10115,6860
10116,13364
10117,12239
10118,4966
10119,6144
10123,3419
10124,10197
10125,5883
10126,4667
10127,6223
10128,7757
10129,11873
10130,10844
10131,7189
10132,10262
10133,5989
10134,2227
10135,4995
10137,10844
10138,5628
10139,10844
10140,8937
10141,5618
10142,6674
10143,3898
10145,13381
10148,7398
10150,13731
10151,13555
10152,4804
10153,16289
10154,7520
10155,7503
10156,8601
10158,5192
10159,9158
10161,7038
10162,7303
10163,8021
10164,14323
10165,10203
10166,7408
10167,2227
10168,16108
10169,10262
10170,14714
10171,10262
10172,7640
10173,8610
10174,12767
10175,6093
10176,6442
10177,4030
10178,7408
10179,10696
10180,6982
10181,2754
10183,13227
10184,2754
10185,6758
10186,6934
10188,5678
10190,4544
10191,7757
10192,6373
10193,13376
10194,5644
10195,13067
10196,6513
10197,4392
10198,4778
10199,10844
10201,11134
10202,7229
10203,10262
10204,4778
10205,8033
10207,10919
10208,15411
10209,10975
10211,8355
10212,3543
10213,12102
10214,9314
10215,7503
10216,9748
10217,4804
10218,8586
10220,7229
10221,2575
10222,3943
10223,4760
10224,8824
10225,6902
10226,6151
10227,12324
10228,11087
10229,5964
10232,3873
10233,13542
10234,10844
10235,6144
10236,10262
10237,3383
10239,13994
10240,13143
10241,13069
10242,15129
10243,3898
10244,13941
10245,6383
10246,10406
10247,5883
10248,6838
10249,14781
10250,10577
10251,9646
10252,6216
10253,9564
10254,14781
10255,7229
10256,4148
10257,7268
10258,6245
10259,13376
10260,4483
10262,13310
10263,7754
10264,2754
10265,10231
10269,4462
10270,13067
10271,12681
10272,3687
10273,6628
10274,13832
10275,6860
10276,10676
10277,14714
10278,10262
10279,2754
10280,6785
10281,14067
10282,15318
10283,14053
10284,8040
10286,10262
10287,6151
10288,5409
10289,9345
10291,11150
10292,4784
10293,12242
10294,11323
10295,4409
10296,16736
10297,3100
10298,13029
10299,4804
10300,9555
10301,10262
10302,5964
10303,6386
10304,6377
10305,3807
10306,13377
10307,3841
10308,6528
10309,3100
10310,3687
10311,14815
10312,3943
10313,14714
10314,4859
10315,10844
10316,4410
10317,2754
10318,7229
10319,5694
10320,9424
10321,10262
10322,12199
10323,4668
10324,7832
10325,4945
10327,3841
10328,4239
10329,14815
10330,13014
10331,11789
10332,10031
10334,6838
10335,7229
10336,4990
10337,5752
10339,10539
10340,8327
10341,10844
10342,3873
10343,13555
10344,10844
10345,5403
10346,4145
10347,10577
10348,9925
10349,2754
10352,6144
10354,12327
10355,2437
10356,2753
10357,14151
10358,11982
10359,9413
10361,3673
10362,15764
10363,12609
10365,5613
10366,6630
10367,5678
10368,7045
10369,4148
10370,11003
10372,4804
10373,4050
10374,6961
10376,3383
10378,14714
10379,13259
10380,7222
10381,7353
10382,14178
10384,3625
10385,9001
10386,4145
10387,15544
10388,2017
10389,14424
10390,3514
10391,6628
10393,7591
10394,10262
10395,10844
10396,13014
10398,6541
10399,6987
10400,4823
10401,6961
10402,9899
10403,12295
10405,3543
10407,3919
10408,6982
10410,16079
10411,13082
10412,6121
10413,4823
10414,13941
10415,4544
10416,4145
10417,3919
10418,11982
10419,5636
10421,10844
10422,9856
10423,3943
10424,11570
10425,4409
10426,6934
10427,13817
10428,12121
10429,4804
10430,5769
10431,4174
10432,6309
10433,1965
10434,10406
10435,8996
10436,10844
10437,13377
10438,8479
10440,5706
10441,12284
10442,4544
10443,6017
10444,14781
10446,3858
10447,4957
10448,10262
10450,14388
10452,8882
10454,8366
10455,6015
10458,14762
10459,3625
10460,2227
10461,4804
10462,5678
10463,2470
10464,12284
10465,3419
10466,12767
10467,4668
10468,3625
10469,3597
10470,5224
10471,6147
10472,8016
10473,11148
10474,13376
10475,12488
10476,6017
10477,4823
10478,7532
10479,11432
10480,5088
10481,5351
10482,8610
10484,9314
10485,3847
10486,8372
10487,10877
10488,4423
10489,6297
10490,6216
10491,7933
10492,10678
10493,2017
10494,5000
10496,4030
10497,10368
10498,9663
10499,5613
10500,7757
10501,6442
10502,2754
10503,3758
10504,6152
10505,7618
10506,12646
10507,14781
10508,13377
10509,9564
10510,6113
10512,5769
10513,1759
10514,5883
10515,5176
10516,4804
10517,3398
10518,9416
10519,3841
10520,10262
10521,4804
10522,5177
10523,2437
10524,8422
10525,13797
10526,10368
10527,7081
10528,8513
10529,7229
10530,6273
10531,3100
10532,4804
10533,7229
10534,3841
10535,8586
10536,11200
10538,8586
10539,11432
10540,12940
10541,12475
10542,11134
10543,5644
10544,10877
10545,7229
10547,10368
10549,4864
10550,4384
10551,13591
10552,12384
10553,12373
10554,10368
10556,12242
10557,5769
10558,7006
10559,8372
10560,14178
10563,10844
10564,4668
10567,14571
10568,3841
10569,3873
10570,16372
10571,14897
10572,8614
10574,3574
10575,7064
10576,5755
10577,13432
10578,8669
10581,6795
10582,9663
10583,11789
10584,10262
10585,8844
10586,4544
10587,6148
10588,2227
10589,13292
10590,3383
10591,14300
10592,10844
10593,5158
10594,12819
10595,6628
10597,4544
10598,12373
10600,6938
10601,15147
10603,5636
10604,4319
10605,6144
10606,14781
10607,8765
10608,8586
10609,2754
10610,3597
10611,4050
10612,11087
10613,8016
10614,15147
10615,7229
10617,2754
10618,5613
10619,6307
10620,4174
10621,4804
10622,14960
10623,9483
10626,4340
10627,10844
10628,8224
10629,7905
10631,6037
10632,12692
10633,7308
10635,14714
10636,14388
10637,7229
10638,7832
10640,14053
10641,7295
10643,7670
10644,10877
10646,11507
10647,4466
10649,4778
10650,12384
10651,10678
10653,14388
10654,4319
10655,5678
10656,5613
10657,9663
10658,5769
10659,4668
10660,4878
10661,8372
10662,12352
10663,11733
10664,4823
10665,4804
10666,10262
10667,11087
10669,9929
10670,11411
10671,3100
10672,11150
10673,16704
10674,11087
10675,3100
10676,9794
10677,3257
10678,4107
10679,4145
10680,7229
10681,12648
10682,11753
